Data;Zamkniecie;id
2001-03-27;100;11
2001-03-28;100,25;11
2000-12-06;100,00;11
2000-12-07;100,05;11
2000-12-08;100,13;11
2000-12-11;100,41;11
2000-12-12;100,9;11
2000-12-13;101,03;11
2000-12-14;101,22;11
2000-12-15;101,4;11
2000-12-18;101,62;11
2000-12-19;102,32;11
2000-12-20;102,13;11
2000-12-21;102,06;11
2000-12-22;102,63;11
2000-12-27;102,7;11
2000-12-28;102,68;11
2000-12-29;102,89;11
2001-01-02;103,53;11
2001-01-03;103,58;11
2001-01-04;104,12;11
2001-01-05;104,07;11
2001-01-08;103,88;11
2001-01-09;103,93;11
2001-01-10;103,5;11
2001-01-11;103,48;11
2001-01-12;103,64;11
2001-01-15;103,67;11
2001-01-16;103,66;11
2001-01-17;104,02;11
2001-01-18;104,16;11
2001-01-19;104,02;11
2001-01-22;103,55;11
2001-01-23;103,66;11
2001-01-24;103,42;11
2001-01-25;103,37;11
2001-01-26;103,57;11
2001-01-29;103,97;11
2001-01-30;103,89;11
2001-01-31;104,59;11
2001-02-01;104,82;11
2001-02-02;104,95;11
2001-02-05;104,2;11
2001-02-06;104,44;11
2001-02-07;103,29;11
2001-02-08;103,58;11
2001-02-09;103,86;11
2001-02-12;103,93;11
2001-02-13;104,3;11
2001-02-14;103,94;11
2001-02-15;104,51;11
2001-02-16;103,64;11
2001-02-19;103,7;11
2001-02-20;103,1;11
2001-02-21;102,71;11
2001-02-22;102,18;11
2001-02-23;102,46;11
2001-02-26;102,88;11
2001-02-27;102,44;11
2001-02-28;102,3;11
2001-03-01;101,32;11
2001-03-02;101,11;11
2001-03-05;101,4;11
2001-03-06;101,89;11
2001-03-07;101,79;11
2001-03-08;101,13;11
2001-03-09;100,36;11
2001-03-12;99,17;11
2001-03-13;98,97;11
2001-03-14;98,31;11
2001-03-15;99,15;11
2001-03-16;98,96;11
2001-03-19;99,1;11
2001-03-20;99,51;11
2001-03-21;99,84;11
2001-03-22;99,63;11
2001-03-23;100,13;11
2001-03-26;100,1;11
2001-03-29;100,06;11
2001-03-30;100,32;11
2001-04-02;100,14;11
2001-04-03;99,84;11
2001-04-04;99,61;11
2001-04-05;99,96;11
2001-04-06;100,28;11
2001-04-09;100,57;11
2001-04-10;100,95;11
2001-04-11;101,44;11
2001-04-12;101,32;11
2001-04-13;101,32;11
2001-04-17;101,05;11
2001-04-18;101,83;11
2001-04-19;102,07;11
2001-04-20;102,17;11
2001-04-23;101,89;11
2001-04-24;101,18;11
2001-04-25;101,24;11
2001-04-26;101,44;11
2001-04-27;101,39;11
2001-04-30;101,44;11
2001-05-02;101,43;11
2001-05-04;101,21;11
2001-05-07;101,08;11
2001-05-08;100,85;11
2001-05-09;100,39;11
2001-05-10;100,83;11
2001-05-11;100,8;11
2001-05-14;101,04;11
2001-05-15;100,62;11
2001-05-16;99,86;11
2001-05-17;100,06;11
2001-05-18;100,29;11
2001-05-21;101,06;11
2001-05-22;101,45;11
2001-05-23;101,45;11
2001-05-24;101,34;11
2001-05-25;101,29;11
2001-05-28;101,41;11
2001-05-29;101,33;11
2001-05-30;101,18;11
2001-05-31;101,59;11
2001-06-01;101,65;11
2001-06-04;101,37;11
2001-06-05;101,65;11
2001-06-06;101,38;11
2001-06-07;100,93;11
2001-06-08;100,4;11
2001-06-11;100,03;11
2001-06-12;100,06;11
2001-06-13;100,15;11
2001-06-15;99,66;11
2001-06-18;99,37;11
2001-06-19;99,37;11
2001-06-20;98,69;11
2001-06-21;99,11;11
2001-06-22;99,18;11
2001-06-25;99,73;11
2001-06-26;99,23;11
2001-06-27;99,31;11
2001-06-28;99,36;11
2001-06-29;98,95;11
2001-07-02;98,81;11
2001-07-03;98,49;11
2001-07-04;98,54;11
2001-07-05;98,41;11
2001-07-06;98,64;11
2001-07-09;98,38;11
2001-07-10;97,69;11
2001-07-11;97,6;11
2001-07-12;98,22;11
2001-07-13;98,21;11
2001-07-16;98,68;11
2001-07-17;98,48;11
2001-07-18;98,91;11
2001-07-19;98,91;11
2001-07-20;98,22;11
2001-07-23;98,23;11
2001-07-24;97,99;11
2001-07-25;97,95;11
2001-07-26;98,49;11
2001-07-27;98,92;11
2001-07-30;99,06;11
2001-07-31;98,69;11
2001-08-01;98,79;11
2001-08-02;98,98;11
2001-08-03;98,9;11
2001-08-06;98,93;11
2001-08-07;98,7;11
2001-08-08;98,38;11
2001-08-09;97,96;11
2001-08-10;97,98;11
2001-08-13;97,65;11
2001-08-14;97,84;11
2001-08-16;97,2;11
2001-08-17;96,61;11
2001-08-20;97,19;11
2001-08-21;97,53;11
2001-08-22;97,82;11
2001-08-23;97,85;11
2001-08-24;98,47;11
2001-08-27;98,33;11
2001-08-28;98,34;11
2001-08-29;98,52;11
2001-08-30;98,77;11
2001-08-31;99,11;11
2001-09-03;99,37;11
2001-09-04;99,37;11
2001-09-05;99,68;11
2001-09-06;100,02;11
2001-09-07;99,64;11
2001-09-10;99,36;11
2001-09-11;99,21;11
2001-09-12;99,1;11
2001-09-13;99,17;11
2001-09-14;98,51;11
2001-09-17;98,23;11
2001-09-18;98,23;11
2001-09-19;98,8;11
2001-09-20;98,69;11
2001-09-21;98,35;11
2001-09-24;98,05;11
2001-09-25;98,34;11
2001-09-26;98,53;11
2001-09-27;98,47;11
2001-09-28;98,71;11
2001-10-01;98,63;11
2001-10-02;98,77;11
2001-10-03;98,52;11
2001-10-04;99,06;11
2001-10-05;99,1;11
2001-10-08;99,28;11
2001-10-09;100,24;11
2001-10-10;101,82;11
2001-10-11;102,72;11
2001-10-12;102,72;11
2001-10-15;102,4;11
2001-10-16;103,9;11
2001-10-17;103,84;11
2001-10-18;103,51;11
2001-10-19;103,53;11
2001-10-22;104,4;11
2001-10-23;104,28;11
2001-10-24;104,81;11
2001-10-25;105,09;11
2001-10-26;106,54;11
2001-10-29;106,59;11
2001-10-30;105,85;11
2001-10-31;106;11
2001-11-02;106,1;11
2001-11-05;106,15;11
2001-11-06;106,32;11
2001-11-07;106,15;11
2001-11-08;106,95;11
2001-11-09;107,04;11
2001-11-12;106,84;11
2001-11-13;107,96;11
2001-11-14;108,83;11
2001-11-15;108,63;11
2001-11-16;108,53;11
2001-11-19;108,62;11
2001-11-20;108,47;11
2001-11-21;107,79;11
2001-11-22;107,99;11
2001-11-23;108,06;11
2001-11-26;108,07;11
2001-11-27;108,23;11
2001-11-28;108,22;11
2001-11-29;107,97;11
2001-11-30;107,76;11
2001-12-03;107,82;11
2001-12-04;108,44;11
2001-12-05;108,58;11
2001-12-06;108,73;11
2001-12-07;108,75;11
2001-12-10;108,19;11
2001-12-11;107,95;11
2001-12-12;108;11
2001-12-13;107,35;11
2001-12-14;107,15;11
2001-12-17;107,4;11
2001-12-18;108,51;11
2001-12-19;108,49;11
2001-12-20;108,41;11
2001-12-21;108,25;11
2001-12-24;108,25;11
2001-12-27;108,47;11
2001-12-28;108,76;11
2001-12-31;108,93;11
2002-01-02;108,94;11
2002-01-03;109,12;11
2002-01-04;110,81;11
2002-01-07;112,02;11
2002-01-08;112,88;11
2002-01-09;112,94;11
2002-01-10;114,37;11
2002-01-11;114,04;11
2002-01-14;114,38;11
2002-01-15;113,97;11
2002-01-16;114,38;11
2002-01-17;114,83;11
2002-01-18;115,7;11
2002-01-21;115,62;11
2002-01-22;115,59;11
2002-01-23;116,79;11
2002-01-24;116,75;11
2002-01-25;116,84;11
2002-01-28;117,1;11
2002-01-29;116,23;11
2002-01-30;116,38;11
2002-01-31;115,85;11
2002-02-01;116,4;11
2002-02-04;116;11
2002-02-05;115,58;11
2002-02-06;115,11;11
2002-02-07;115,08;11
2002-02-08;114,5;11
2002-02-11;114,86;11
2002-02-12;114,89;11
2002-02-13;114,68;11
2002-02-14;115,04;11
2002-02-15;115,05;11
2002-02-18;115,31;11
2002-02-19;115,31;11
2002-02-20;115,14;11
2002-02-21;115,26;11
2002-02-22;115,07;11
2002-02-25;114,98;11
2002-02-26;115,45;11
2002-02-27;115,76;11
2002-02-28;115,81;11
2002-03-01;116,06;11
2002-03-04;116,52;11
2002-03-05;116,97;11
2002-03-06;116,85;11
2002-03-07;116,68;11
2002-03-08;116,9;11
2002-03-11;116,96;11
2002-03-12;116,68;11
2002-03-13;116,28;11
2002-03-14;116,58;11
2002-03-15;116,87;11
2002-03-18;116,92;11
2002-03-19;116,62;11
2002-03-20;116,43;11
2002-03-21;116,74;11
2002-03-22;116,96;11
2002-03-25;117,49;11
2002-03-26;116,91;11
2002-03-27;116,85;11
2002-03-28;117,15;11
2002-03-29;117,15;11
2002-04-02;117,12;11
2002-04-03;116,81;11
2002-04-04;116,62;11
2002-04-05;116,63;11
2002-04-08;117,23;11
2002-04-09;117,29;11
2002-04-10;117,83;11
2002-04-11;117,96;11
2002-04-12;117,92;11
2002-04-15;117,96;11
2002-04-16;118,34;11
2002-04-17;118,95;11
2002-04-18;119,5;11
2002-04-19;118,66;11
2002-04-22;118,44;11
2002-04-23;118,62;11
2002-04-24;118,7;11
2002-04-25;118,55;11
2002-04-26;118,65;11
2002-04-29;118,93;11
2002-04-30;119,23;11
2002-05-02;119,23;11
2002-05-06;118,98;11
2002-05-07;118,89;11
2002-05-08;118,64;11
2002-05-09;118,9;11
2002-05-10;119,21;11
2002-05-13;118,85;11
2002-05-14;118,98;11
2002-05-15;119,13;11
2002-05-16;119,18;11
2002-05-17;120,25;11
2002-05-20;120,75;11
2002-05-21;120,62;11
2002-05-22;120,93;11
2002-05-23;120,76;11
2002-05-24;120,63;11
2002-05-27;120,87;11
2002-05-28;121,23;11
2002-05-29;121,06;11
2002-05-31;121,38;11
2002-06-03;121,46;11
2002-06-04;121,85;11
2002-06-05;121,71;11
2002-06-06;121,9;11
2002-06-07;121,94;11
2002-06-10;121,7;11
2002-06-11;121,67;11
2002-06-12;121,68;11
2002-06-13;121,82;11
2002-06-14;121,7;11
2002-06-17;121,23;11
2002-06-18;121,16;11
2002-06-19;120,93;11
2002-06-20;120,76;11
2002-06-21;120,81;11
2002-06-24;121,11;11
2002-06-25;120,43;11
2002-06-26;119,9;11
2002-06-27;119,45;11
2002-06-28;119,67;11
2002-07-01;119,53;11
2002-07-02;119,28;11
2002-07-03;118,85;11
2002-07-04;118,39;11
2002-07-05;118;11
2002-07-08;118,61;11
2002-07-09;118,61;11
2002-07-10;118,73;11
2002-07-11;118,47;11
2002-07-12;117,89;11
2002-07-15;118,14;11
2002-07-16;117,87;11
2002-07-17;117,83;11
2002-07-18;118,63;11
2002-07-19;117,83;11
2002-07-22;117,21;11
2002-07-23;116,36;11
2002-07-24;116,58;11
2002-07-25;115,63;11
2002-07-26;115,01;11
2002-07-29;115,84;11
2002-07-30;115,57;11
2002-07-31;115,97;11
2002-08-01;116,34;11
2002-08-02;117,01;11
2002-08-05;116,9;11
2002-08-06;116,78;11
2002-08-07;116,9;11
2002-08-08;116,67;11
2002-08-09;116,71;11
2002-08-12;116,84;11
2002-08-13;116,7;11
2002-08-14;117,61;11
2002-08-16;117,32;11
2002-08-19;117,4;11
2002-08-20;117,47;11
2002-08-21;117,34;11
2002-08-22;118,59;11
2002-08-23;118,6;11
2002-08-26;118,86;11
2002-08-27;119,02;11
2002-08-28;119,9;11
2002-08-29;119,39;11
2002-08-30;119,22;11
2002-09-02;119,65;11
2002-09-03;119,77;11
2002-09-04;118,8;11
2002-09-05;118,51;11
2002-09-06;118,39;11
2002-09-09;119,08;11
2002-09-10;119,33;11
2002-09-11;119,77;11
2002-09-12;120,2;11
2002-09-13;119,58;11
2002-09-16;119,4;11
2002-09-17;119,69;11
2002-09-18;119,89;11
2002-09-19;119,38;11
2002-09-20;119,43;11
2002-09-23;119,73;11
2002-09-24;119,54;11
2002-09-25;118,79;11
2002-09-26;119,27;11
2002-09-27;119,28;11
2002-09-30;119,35;11
2002-10-01;118,93;11
2002-10-02;118,89;11
2002-10-03;119,04;11
2002-10-04;119,18;11
2002-10-07;119,08;11
2002-10-08;118,82;11
2002-10-09;118,98;11
2002-10-10;119,23;11
2002-10-11;119,74;11
2002-10-14;120,47;11
2002-10-15;120,63;11
2002-10-16;121,24;11
2002-10-17;121,23;11
2002-10-18;121,21;11
2002-10-21;122,01;11
2002-10-22;122,35;11
2002-10-23;122,7;11
2002-10-24;122,78;11
2002-10-25;122,94;11
2002-10-28;122,97;11
2002-10-29;123,96;11
2002-10-30;124,19;11
2002-10-31;124,03;11
2002-11-04;124,22;11
2002-11-05;124,4;11
2002-11-06;123,86;11
2002-11-07;123,49;11
2002-11-08;123,41;11
2002-11-12;123,53;11
2002-11-13;123,7;11
2002-11-14;123,75;11
2002-11-15;124,21;11
2002-11-18;124,02;11
2002-11-19;124,36;11
2002-11-20;124,66;11
2002-11-21;124,7;11
2002-11-22;125,5;11
2002-11-25;125,78;11
2002-11-26;126,51;11
2002-11-27;126,17;11
2002-11-28;126,31;11
2002-11-29;126,09;11
2002-12-02;125,92;11
2002-12-03;126,71;11
2002-12-04;126,91;11
2002-12-05;126,7;11
2002-12-06;127;11
2002-12-09;126,83;11
2002-12-10;126,94;11
2002-12-11;126,31;11
2002-12-12;126,03;11
2002-12-13;126,48;11
2002-12-16;126,47;11
2002-12-17;126,72;11
2002-12-18;126,47;11
2002-12-19;125,52;11
2002-12-20;125,48;11
2002-12-23;125,57;11
2002-12-24;125,57;11
2002-12-27;126,18;11
2002-12-30;126,55;11
2002-12-31;126,6;11
2003-01-02;126,59;11
2003-01-03;126,55;11
2003-01-06;126,55;11
2003-01-07;127,73;11
2003-01-08;127,95;11
2003-01-09;127,64;11
2003-01-10;127,65;11
2003-01-13;127,64;11
2003-01-14;128,46;11
2003-01-15;128,24;11
2003-01-16;128,16;11
2003-01-17;127,69;11
2003-01-20;127,14;11
2003-01-21;127,03;11
2003-01-22;126,82;11
2003-01-23;126,34;11
2003-01-24;126,89;11
2003-01-27;126,03;11
2003-01-28;125,42;11
2003-01-29;125,63;11
2003-01-30;125,91;11
2003-01-31;125,45;11
2003-02-03;125,51;11
2003-02-04;126,06;11
2003-02-05;125,3;11
2003-02-06;125,1;11
2003-02-07;124,52;11
2003-02-10;124,93;11
2003-02-11;125,12;11
2003-02-12;125,28;11
2003-02-13;124,83;11
2003-02-14;125,1;11
2003-02-17;125,15;11
2003-02-18;125,89;11
2003-02-19;125,76;11
2003-02-20;125,62;11
2003-02-21;126;11
2003-02-24;125,95;11
2003-02-25;125,76;11
2003-02-26;125,28;11
2003-02-27;125,36;11
2003-02-28;125,52;11
2003-03-03;125,68;11
2003-03-04;125,3;11
2003-03-05;124,93;11
2003-03-06;125,09;11
2003-03-07;125,19;11
2003-03-10;125,63;11
2003-03-11;126,65;11
2003-03-12;126,35;11
2003-03-13;126,21;11
2003-03-14;126,44;11
2003-03-17;126,19;11
2003-03-18;125,62;11
2003-03-19;126,06;11
2003-03-20;125,9;11
2003-03-21;126,24;11
2003-03-24;126,68;11
2003-03-25;126,69;11
2003-03-26;126,65;11
2003-03-27;126,69;11
2003-03-28;126,7;11
2003-03-31;126,7;11
2003-04-01;126,13;11
2003-04-02;126,16;11
2003-04-03;126,64;11
2003-04-04;127,27;11
2003-04-07;127,39;11
2003-04-08;128,07;11
2003-04-09;128,07;11
2003-04-10;128,4;11
2003-04-11;128,1;11
2003-04-14;127,95;11
2003-04-15;127,49;11
2003-04-16;127,48;11
2003-04-17;127,46;11
2003-04-18;127,46;11
2003-04-22;127,79;11
2003-04-23;127,93;11
2003-04-24;128,18;11
2003-04-25;127,92;11
2003-04-28;128,37;11
2003-04-29;128,65;11
2003-04-30;128,68;11
2003-05-02;129;11
2003-05-05;129,54;11
2003-05-06;130,05;11
2003-05-07;130,64;11
2003-05-08;130,56;11
2003-05-09;130,72;11
2003-05-12;130,83;11
2003-05-13;130,88;11
2003-05-14;130,74;11
2003-05-15;131,37;11
2003-05-16;131,4;11
2003-05-19;131,61;11
2003-05-20;131,62;11
2003-05-21;131,6;11
2003-05-22;131,84;11
2003-05-23;131,93;11
2003-05-26;132,11;11
2003-05-27;132,36;11
2003-05-28;132,05;11
2003-05-29;132,11;11
2003-05-30;132,23;11
2003-06-02;132,7;11
2003-06-03;132,49;11
2003-06-04;132,7;11
2003-06-05;133,04;11
2003-06-06;133,03;11
2003-06-09;133,37;11
2003-06-10;133,06;11
2003-06-11;132,85;11
2003-06-12;133,17;11
2003-06-13;133,47;11
2003-06-16;133,4;11
2003-06-17;133,63;11
2003-06-18;134,03;11
2003-06-20;134,31;11
2003-06-23;134,41;11
2003-06-24;134,29;11
2003-06-25;134,06;11
2003-06-26;134,52;11
2003-06-27;134,56;11
2003-06-30;134,49;11
2003-07-01;134,72;11
2003-07-02;134,33;11
2003-07-03;134,67;11
2003-07-04;135;11
2003-07-07;135,72;11
2003-07-08;136,81;11
2003-07-09;136,52;11
2003-07-10;137,23;11
2003-07-11;137,68;11
2003-07-14;137,83;11
2003-07-15;138,84;11
2003-07-16;138,76;11
2003-07-17;138,4;11
2003-07-18;138,46;11
2003-07-21;138,99;11
2003-07-22;139,08;11
2003-07-23;138,67;11
2003-07-24;138,22;11
2003-07-25;138,46;11
2003-07-28;138,52;11
2003-07-29;139,77;11
2003-07-30;140,03;11
2003-07-31;139,55;11
2003-08-01;139,82;11
2003-08-04;139,74;11
2003-08-05;139,6;11
2003-08-06;140,07;11
2003-08-07;140,13;11
2003-08-08;141,99;11
2003-08-11;141,9;11
2003-08-12;142,37;11
2003-08-13;143,26;11
2003-08-14;142,99;11
2003-08-18;143,86;11
2003-08-19;144,49;11
2003-08-20;144,39;11
2003-08-21;144,35;11
2003-08-22;145,24;11
2003-08-25;146,4;11
2003-08-26;146,31;11
2003-08-27;147,23;11
2003-08-28;146,92;11
2003-08-29;146,43;11
2003-09-01;147,54;11
2003-09-02;149,1;11
2003-09-03;148,81;11
2003-09-04;148,09;11
2003-09-05;147,06;11
2003-09-08;146,06;11
2003-09-09;146,09;11
2003-09-10;145,52;11
2003-09-11;144,64;11
2003-09-12;144,97;11
2003-09-15;144,43;11
2003-09-16;144,37;11
2003-09-17;145,27;11
2003-09-18;145,05;11
2003-09-19;145,05;11
2003-09-22;145,22;11
2003-09-23;144,3;11
2003-09-24;144,43;11
2003-09-25;144,4;11
2003-09-26;144,27;11
2003-09-29;144,45;11
2003-09-30;144,11;11
2003-10-01;143,27;11
2003-10-02;143,34;11
2003-10-03;144,02;11
2003-10-06;144,47;11
2003-10-07;145,88;11
2003-10-08;145,69;11
2003-10-09;146,44;11
2003-10-10;146,88;11
2003-10-13;146,8;11
2003-10-14;146,79;11
2003-10-15;147,72;11
2003-10-16;148,26;11
2003-10-17;147,18;11
2003-10-20;146,71;11
2003-10-21;146,23;11
2003-10-22;145,39;11
2003-10-23;144,89;11
2003-10-24;144,7;11
2003-10-27;143,89;11
2003-10-28;143,43;11
2003-10-29;144,76;11
2003-10-30;144,47;11
2003-10-31;144,5;11
2003-11-03;143,84;11
2003-11-04;144,29;11
2003-11-05;143,8;11
2003-11-06;143,98;11
2003-11-07;144,6;11
2003-11-10;144,25;11
2003-11-12;144,67;11
2003-11-13;143,89;11
2003-11-14;144,07;11
2003-11-17;144,33;11
2003-11-18;143,33;11
2003-11-19;142,82;11
2003-11-20;141,99;11
2003-11-21;140,51;11
2003-11-24;140,96;11
2003-11-25;141,2;11
2003-11-26;140,04;11
2003-11-27;140,21;11
2003-11-28;140,6;11
2003-12-01;140,27;11
2003-12-02;141,77;11
2003-12-03;141,87;11
2003-12-04;141,99;11
2003-12-05;141,84;11
2003-12-08;141,99;11
2003-12-09;142,85;11
2003-12-10;143,48;11
2003-12-11;143,77;11
2003-12-12;144,17;11
2003-12-15;144,64;11
2003-12-16;144,61;11
2003-12-17;144,7;11
2003-12-18;144,48;11
2003-12-19;144,84;11
2003-12-22;144,87;11
2003-12-23;145,03;11
2003-12-24;145,03;11
2003-12-29;145,45;11
2003-12-30;145,39;11
2003-12-31;145,36;11
2004-01-02;145,15;11
2004-01-05;146,13;11
2004-01-06;147,29;11
2004-01-07;147,21;11
2004-01-08;147,46;11
2004-01-09;147,84;11
2004-01-12;147,57;11
2004-01-13;148,45;11
2004-01-14;148,37;11
2004-01-15;147,14;11
2004-01-16;147,3;11
2004-01-19;146,9;11
2004-01-20;147,38;11
2004-01-21;147,74;11
2004-01-22;147,69;11
2004-01-23;148,14;11
2004-01-26;148,35;11
2004-01-27;148,36;11
2004-01-28;148,15;11
2004-01-29;147,09;11
2004-01-30;146,9;11
2004-02-02;147,3;11
2004-02-03;147,9;11
2004-02-04;147,6;11
2004-02-05;147,69;11
2004-02-06;147,62;11
2004-02-09;148,08;11
2004-02-10;149,19;11
2004-02-11;149,84;11
2004-02-12;149,54;11
2004-02-13;150,15;11
2004-02-16;150,15;11
2004-02-17;150,42;11
2004-02-18;150,54;11
2004-02-19;150,48;11
2004-02-20;149,87;11
2004-02-23;150,19;11
2004-02-24;149,77;11
2004-02-25;148,77;11
2004-02-26;148,89;11
2004-02-27;148,98;11
2004-03-01;150,05;11
2004-03-02;151,07;11
2004-03-03;151,16;11
2004-03-04;150,91;11
2004-03-05;150,92;11
2004-03-08;151,36;11
2004-03-09;152,28;11
2004-03-10;151,53;11
2004-03-11;151,67;11
2004-03-12;150,89;11
2004-03-15;151,31;11
2004-03-16;150,51;11
2004-03-17;150,84;11
2004-03-18;151,23;11
2004-03-19;150,59;11
2004-03-22;150,14;11
2004-03-23;150;11
2004-03-24;150,56;11
2004-03-25;150,54;11
2004-03-26;151,06;11
2004-03-29;151,1;11
2004-03-30;151,48;11
2004-03-31;151,76;11
2004-04-01;151,4;11
2004-04-02;151,43;11
2004-04-05;152,28;11
2004-04-06;152,46;11
2004-04-07;152,57;11
2004-04-08;152,38;11
2004-04-09;152,38;11
2004-04-13;152,82;11
2004-04-14;153,72;11
2004-04-15;153,11;11
2004-04-16;153,36;11
2004-04-19;153,21;11
2004-04-20;153,15;11
2004-04-21;153,44;11
2004-04-22;153,6;11
2004-04-23;152,42;11
2004-04-26;152,78;11
2004-04-27;152,99;11
2004-04-28;152,88;11
2004-04-29;152,69;11
2004-04-30;151,63;11
2004-05-04;152,02;11
2004-05-05;152,51;11
2004-05-06;151,79;11
2004-05-07;151,2;11
2004-05-10;150,6;11
2004-05-11;149,12;11
2004-05-12;148,38;11
2004-05-13;148,91;11
2004-05-14;148,29;11
2004-05-17;148,65;11
2004-05-18;148,93;11
2004-05-19;149,45;11
2004-05-20;150,05;11
2004-05-21;149,97;11
2004-05-24;149,95;11
2004-05-25;149,89;11
2004-05-26;149,23;11
2004-05-27;150,03;11
2004-05-28;150,33;11
2004-05-31;150,58;11
2004-06-01;150,67;11
2004-06-02;150,53;11
2004-06-03;150,95;11
2004-06-04;150,94;11
2004-06-07;150,71;11
2004-06-08;151,11;11
2004-06-09;151,23;11
2004-06-11;150,78;11
2004-06-14;150,91;11
2004-06-15;150,35;11
2004-06-16;150,38;11
2004-06-17;150,45;11
2004-06-18;150,05;11
2004-06-21;150,21;11
2004-06-22;150,96;11
2004-06-23;150,87;11
2004-06-24;151,24;11
2004-06-25;151,37;11
2004-06-28;151,72;11
2004-06-29;151,89;11
2004-06-30;152,02;11
2004-07-01;152;11
2004-07-02;151,83;11
2004-07-05;151,63;11
2004-07-06;151,66;11
2004-07-07;151,42;11
2004-07-08;151,6;11
2004-07-09;151,79;11
2004-07-12;151,73;11
2004-07-13;151,5;11
2004-07-14;151,13;11
2004-07-15;150,9;11
2004-07-16;150,36;11
2004-07-19;151,11;11
2004-07-20;151,36;11
2004-07-21;151,63;11
2004-07-22;152,03;11
2004-07-23;151,64;11
2004-07-26;151,72;11
2004-07-27;151,89;11
2004-07-28;151,68;11
2004-07-29;151,26;11
2004-07-30;151,42;11
2004-08-02;151,53;11
2004-08-03;151,58;11
2004-08-04;151,81;11
2004-08-05;151,88;11
2004-08-06;152,12;11
2004-08-09;151,48;11
2004-08-10;151,08;11
2004-08-11;151,21;11
2004-08-12;150,39;11
2004-08-13;150,59;11
2004-08-16;150,69;11
2004-08-17;150,78;11
2004-08-18;151,34;11
2004-08-19;151,65;11
2004-08-20;151,76;11
2004-08-23;152,03;11
2004-08-24;151,99;11
2004-08-25;152,58;11
2004-08-26;152,01;11
2004-08-27;151,86;11
2004-08-30;152,27;11
2004-08-31;152,25;11
2004-09-01;152,4;11
2004-09-02;152,45;11
2004-09-03;152,66;11
2004-09-06;152,71;11
2004-09-07;152,94;11
2004-09-08;153,62;11
2004-09-09;153,88;11
2004-09-10;153,67;11
2004-09-13;153,94;11
2004-09-14;154,22;11
2004-09-15;154,23;11
2004-09-16;154,46;11
2004-09-17;154,49;11
2004-09-20;154,86;11
2004-09-21;154,73;11
2004-09-22;154,79;11
2004-09-23;154,67;11
2004-09-24;154,49;11
2004-09-27;154,05;11
2004-09-28;154,39;11
2004-09-29;154,75;11
2004-09-30;154,94;11
2004-10-01;155,34;11
2004-10-04;155,19;11
2004-10-05;155,84;11
2004-10-06;156,04;11
2004-10-07;156,05;11
2004-10-08;156,01;11
2004-10-11;155,52;11
2004-10-12;155,56;11
2004-10-13;154,61;11
2004-10-14;154,72;11
2004-10-15;154,36;11
2004-10-18;154,56;11
2004-10-19;154,21;11
2004-10-20;154,88;11
2004-10-21;154,68;11
2004-10-22;154,86;11
2004-10-25;155,03;11
2004-10-26;154,55;11
2004-10-27;154,49;11
2004-10-28;154,72;11
2004-10-29;154,69;11
2004-11-02;155,4;11
2004-11-03;156,03;11
2004-11-04;155,77;11
2004-11-05;155,78;11
2004-11-08;155,58;11
2004-11-09;155,48;11
2004-11-10;156,12;11
2004-11-12;156,73;11
2004-11-15;157,21;11
2004-11-16;156,83;11
2004-11-17;156,43;11
2004-11-18;156,53;11
2004-11-19;156,8;11
2004-11-22;156,78;11
2004-11-23;156,53;11
2004-11-24;156,16;11
2004-11-25;156,08;11
2004-11-26;156,71;11
2004-11-29;156,85;11
2004-11-30;156,65;11
2004-12-01;156,85;11
2004-12-02;157,52;11
2004-12-03;158,4;11
2004-12-06;158,43;11
2004-12-07;158,41;11
2004-12-08;158,7;11
2004-12-09;158,21;11
2004-12-10;157,94;11
2004-12-13;157,82;11
2004-12-14;158,01;11
2004-12-15;157,94;11
2004-12-16;158,37;11
2004-12-17;158,98;11
2004-12-20;159,1;11
2004-12-21;159,7;11
2004-12-22;159,68;11
2004-12-23;159,51;11
2004-12-24;159,24;11
2004-12-27;159,41;11
2004-12-28;159,53;11
2004-12-29;159,34;11
2004-12-30;160,03;11
2004-12-31;160,22;11
2005-01-03;160,61;11
2005-01-04;160,37;11
2005-01-05;159,18;11
2005-01-06;158,88;11
2005-01-07;158,94;11
2005-01-10;158,59;11
2005-01-11;158,46;11
2005-01-12;158,53;11
2005-01-13;158,52;11
2005-01-14;158,37;11
2005-01-17;158,5;11
2005-01-18;157,54;11
2005-01-19;157,73;11
2005-01-20;157,62;11
2005-01-21;157,52;11
2005-01-24;157,72;11
2005-01-25;158,02;11
2005-01-26;158,21;11
2005-01-27;158,36;11
2005-01-28;158,71;11
2005-01-31;159,18;11
2005-02-01;159,83;11
2005-02-02;159,62;11
2005-02-03;159,83;11
2005-02-04;160,69;11
2005-02-07;161,41;11
2005-02-08;161,3;11
2005-02-09;160,98;11
2005-02-10;161,37;11
2005-02-11;161,23;11
2005-02-14;161,13;11
2005-02-15;161,63;11
2005-02-16;162,92;11
2005-02-17;163,39;11
2005-02-18;163,37;11
2005-02-21;163,8;11
2005-02-22;163,51;11
2005-02-23;163,46;11
2005-02-24;164,12;11
2005-02-25;165,27;11
2005-02-28;165,11;11
2005-03-01;164,83;11
2005-03-02;163,23;11
2005-03-03;163,64;11
2005-03-04;164,03;11
2005-03-07;164,46;11
2005-03-08;164,27;11
2005-03-09;164,9;11
2005-03-10;164,23;11
2005-03-11;163,65;11
2005-03-14;163,08;11
2005-03-15;163,04;11
2005-03-16;161,7;11
2005-03-17;161,29;11
2005-03-18;162,03;11
2005-03-21;161,02;11
2005-03-22;161,97;11
2005-03-23;161,8;11
2005-03-24;162,08;11
2005-03-29;161,92;11
2005-03-30;162,38;11
2005-03-31;163,05;11
2005-04-01;162,91;11
2005-04-04;162,92;11
2005-04-05;163,38;11
2005-04-06;163,78;11
2005-04-07;163,33;11
2005-04-11;163,41;11
2005-04-12;163,45;11
2005-04-13;163,3;11
2005-04-14;162,79;11
2005-04-15;162,61;11
2005-04-18;161,78;11
2005-04-19;161,84;11
2005-04-20;161,48;11
2005-04-21;161,91;11
2005-04-22;162,26;11
2005-04-25;162,23;11
2005-04-26;161,75;11
2005-04-27;161,04;11
2005-04-28;160,64;11
2005-04-29;160,61;11
2005-05-02;160,71;11
2005-05-04;160,88;11
2005-05-05;161,25;11
2005-05-06;161,26;11
2005-05-09;161,41;11
2005-05-10;160,75;11
2005-05-11;160,87;11
2005-05-12;161,23;11
2005-05-13;160,95;11
2005-05-16;160,85;11
2005-05-17;161,1;11
2005-05-18;161,78;11
2005-05-19;162,27;11
2005-05-20;162,45;11
2005-05-23;162,4;11
2005-05-24;162,34;11
2005-05-25;162,29;11
2005-05-27;163,06;11
2005-05-30;163,18;11
2005-05-31;163,54;11
2005-06-01;163,47;11
2005-06-02;164,08;11
2005-06-03;164,57;11
2005-06-06;165,16;11
2005-06-07;165,48;11
2005-06-08;165,5;11
2005-06-09;165,67;11
2005-06-10;165,82;11
2005-06-13;165,81;11
2005-06-14;165,35;11
2005-06-15;165,82;11
2005-06-16;165,9;11
2005-06-17;166,51;11
2005-06-20;166,66;11
2005-06-21;166,86;11
2005-06-22;167,62;11
2005-06-23;167,58;11
2005-06-24;167,32;11
2005-06-27;166,98;11
2005-06-28;167,27;11
2005-06-29;167,69;11
2005-06-30;168,13;11
2005-07-01;168,67;11
2005-07-04;169,14;11
2005-07-05;169,01;11
2005-07-06;169,27;11
2005-07-07;168,69;11
2005-07-08;169,25;11
2005-07-11;169,14;11
2005-07-12;169,71;11
2005-07-13;169,91;11
2005-07-14;169,92;11
2005-07-15;170,02;11
2005-07-18;169,7;11
2005-07-19;169,66;11
2005-07-20;169,66;11
2005-07-21;169,53;11
2005-07-22;169,23;11
2005-07-25;169,58;11
2005-07-26;169,83;11
2005-07-27;170,37;11
2005-07-28;171,03;11
2005-07-29;171,42;11
2005-08-01;171,63;11
2005-08-02;172,81;11
2005-08-03;172,21;11
2005-08-04;172,37;11
2005-08-05;172,24;11
2005-08-08;172,84;11
2005-08-09;172,82;11
2005-08-10;172,41;11
2005-08-11;172,35;11
2005-08-12;172,16;11
2005-08-16;172,73;11
2005-08-17;172,19;11
2005-08-18;171,86;11
2005-08-19;171,81;11
2005-08-22;172,13;11
2005-08-23;172,27;11
2005-08-24;172,38;11
2005-08-25;172,18;11
2005-08-26;172,49;11
2005-08-29;172,86;11
2005-08-30;173,47;11
2005-08-31;173,74;11
2005-09-01;174,68;11
2005-09-02;174,8;11
2005-09-05;174,34;11
2005-09-06;174,66;11
2005-09-07;174,83;11
2005-09-08;174,59;11
2005-09-09;175,19;11
2005-09-12;175,63;11
2005-09-13;175,72;11
2005-09-14;175,82;11
2005-09-15;176,57;11
2005-09-16;177,33;11
2005-09-19;178,37;11
2005-09-20;178,25;11
2005-09-21;177,76;11
2005-09-22;177,38;11
2005-09-23;177,57;11
2005-09-26;177,84;11
2005-09-27;178,43;11
2005-09-28;177,69;11
2005-09-29;177,64;11
2005-09-30;178,03;11
2005-10-03;178,42;11
2005-10-04;178,26;11
2005-10-05;177,58;11
2005-10-06;176;11
2005-10-07;175,99;11
2005-10-10;176,01;11
2005-10-11;176,73;11
2005-10-12;176,18;11
2005-10-13;174,1;11
2005-10-14;173,75;11
2005-10-17;174,25;11
2005-10-18;174,24;11
2005-10-19;173,07;11
2005-10-20;173,8;11
2005-10-21;173,71;11
2005-10-24;174,11;11
2005-10-25;174,56;11
2005-10-26;173,82;11
2005-10-27;172,84;11
2005-10-28;172,94;11
2005-10-31;173,43;11
2005-11-02;174,64;11
2005-11-03;175,07;11
2005-11-04;174,9;11
2005-11-07;174,15;11
2005-11-08;174,29;11
2005-11-09;174,35;11
2005-11-10;174,21;11
2005-11-14;174,69;11
2005-11-15;174,54;11
2005-11-16;174,67;11
2005-11-17;175,51;11
2005-11-18;175,36;11
2005-11-21;175,07;11
2005-11-22;174,91;11
2005-11-23;175,34;11
2005-11-24;175,59;11
2005-11-25;175,83;11
2005-11-28;176,26;11
2005-11-29;176,11;11
2005-11-30;176,19;11
2005-12-01;176,53;11
2005-12-02;177,32;11
2005-12-05;177,11;11
2005-12-06;176,83;11
2005-12-07;177,15;11
2005-12-08;176,93;11
2005-12-09;176,77;11
2005-12-12;177,23;11
2005-12-13;177,25;11
2005-12-14;178,17;11
2005-12-15;178,09;11
2005-12-16;178,21;11
2005-12-19;178,72;11
2005-12-20;179,2;11
2005-12-21;179,41;11
2005-12-22;179,44;11
2005-12-23;179,92;11
2005-12-27;180,53;11
2005-12-28;180,13;11
2005-12-29;180,34;11
2005-12-30;179,75;11
2006-01-02;180,42;11
2006-01-03;181,71;11
2006-01-04;183,31;11
2006-01-05;183,41;11
2006-01-06;183,97;11
2006-01-09;184,05;11
2006-01-10;183,46;11
2006-01-11;184,71;11
2006-01-12;184,81;11
2006-01-13;184,11;11
2006-01-16;185,08;11
2006-01-17;184,78;11
2006-01-18;184,29;11
2006-01-19;185,77;11
2006-01-20;186,16;11
2006-01-23;186,61;11
2006-01-24;186,48;11
2006-01-25;187,01;11
2006-01-26;186,4;11
2006-01-27;186,48;11
2006-01-30;186,31;11
2006-01-31;184,45;11
2006-02-01;184,83;11
2006-02-02;184,81;11
2006-02-03;183,77;11
2006-02-06;185,06;11
2006-02-07;185,45;11
2006-02-08;185,24;11
2006-02-09;185,6;11
2006-02-10;184,97;11
2006-02-13;184,49;11
2006-02-14;185,18;11
2006-02-15;185,74;11
2006-02-16;185;11
2006-02-17;186,65;11
2006-02-20;187,58;11
2006-02-21;187,69;11
2006-02-22;187,6;11
2006-02-23;187,75;11
2006-02-24;188,43;11
2006-02-27;189,04;11
2006-02-28;187,4;11
2006-03-01;188,01;11
2006-03-02;188,23;11
2006-03-03;187,86;11
2006-03-06;188,01;11
2006-03-07;186,48;11
2006-03-08;185,31;11
2006-03-09;185,47;11
2006-03-10;185,15;11
2006-03-13;185,33;11
2006-03-14;185,13;11
2006-03-15;186,16;11
2006-03-16;187,47;11
2006-03-17;187,47;11
2006-03-20;187,34;11
2006-03-21;186,88;11
2006-03-22;186,78;11
2006-03-23;187,79;11
2006-03-24;188,19;11
2006-03-27;188,63;11
2006-03-28;187,74;11
2006-03-29;187,7;11
2006-03-30;188,38;11
2006-03-31;188,33;11
2006-04-03;189,09;11
2006-04-04;189,18;11
2006-04-05;189,22;11
2006-04-06;189,93;11
2006-04-07;190,77;11
2006-04-10;190,81;11
2006-04-11;190,51;11
2006-04-12;191,12;11
2006-04-13;191,42;11
2006-04-18;192,74;11
2006-04-19;192,99;11
2006-04-20;193,96;11
2006-04-21;194,48;11
2006-04-24;195,12;11
2006-04-25;194,65;11
2006-04-26;195,22;11
2006-04-27;193,65;11
2006-04-28;194,2;11
2006-05-02;194,28;11
2006-05-04;195,24;11
2006-05-05;195,9;11
2006-05-08;196,74;11
2006-05-09;195,77;11
2006-05-10;195,75;11
2006-05-11;196,88;11
2006-05-12;196,1;11
2006-05-15;194,01;11
2006-05-16;194,11;11
2006-05-17;192,77;11
2006-05-18;192,84;11
2006-05-19;192,59;11
2006-05-22;189,49;11
2006-05-23;190,25;11
2006-05-24;188,09;11
2006-05-25;188,83;11
2006-05-26;190,05;11
2006-05-29;189,92;11
2006-05-30;189,19;11
2006-05-31;188,41;11
2006-06-01;188,83;11
2006-06-02;190,36;11
2006-06-05;190,6;11
2006-06-06;189,27;11
2006-06-07;189;11
2006-06-08;187,51;11
2006-06-09;186,81;11
2006-06-12;184,88;11
2006-06-13;182,83;11
2006-06-14;182,66;11
2006-06-16;183,3;11
2006-06-19;184,47;11
2006-06-20;184,39;11
2006-06-21;184,34;11
2006-06-22;183,88;11
2006-06-23;183,81;11
2006-06-26;184,62;11
2006-06-27;186,98;11
2006-06-28;187,95;11
2006-06-29;187,99;11
2006-06-30;189,41;11
2006-07-03;189,77;11
2006-07-04;190,27;11
2006-07-05;189,67;11
2006-07-06;191,24;11
2006-07-07;192,39;11
2006-07-10;192,96;11
2006-07-11;192,73;11
2006-07-12;193,85;11
2006-07-13;191,81;11
2006-07-14;191,75;11
2006-07-17;191,19;11
2006-07-18;192,2;11
2006-07-19;192,52;11
2006-07-20;194,72;11
2006-07-21;194,37;11
2006-07-24;194,7;11
2006-07-25;195,7;11
2006-07-26;196,07;11
2006-07-27;198,12;11
2006-07-28;198,22;11
2006-07-31;198,46;11
2006-08-01;197,37;11
2006-08-02;196,87;11
2006-08-03;195,17;11
2006-08-04;196,01;11
2006-08-07;195,67;11
2006-08-08;195,71;11
2006-08-09;197,03;11
2006-08-10;195,99;11
2006-08-11;194,69;11
2006-08-14;194,89;11
2006-08-16;195,15;11
2006-08-17;194,55;11
2006-08-18;194,82;11
2006-08-21;194,99;11
2006-08-22;195,56;11
2006-08-23;195,52;11
2006-08-24;194,69;11
2006-08-25;194,24;11
2006-08-28;193,86;11
2006-08-29;195,25;11
2006-08-30;196,01;11
2006-08-31;195,62;11
2006-09-01;195,87;11
2006-09-04;197,52;11
2006-09-05;197,8;11
2006-09-06;197,32;11
2006-09-07;196,58;11
2006-09-08;196,54;11
2006-09-11;196,19;11
2006-09-12;196,9;11
2006-09-13;197,91;11
2006-09-14;197,6;11
2006-09-15;197,81;11
2006-09-18;198,72;11
2006-09-19;198,23;11
2006-09-20;197,67;11
2006-09-21;197,71;11
2006-09-22;197,13;11
2006-09-25;197,8;11
2006-09-26;198,18;11
2006-09-27;197,5;11
2006-09-28;198,05;11
2006-09-29;197,7;11
2006-10-02;197,93;11
2006-10-03;197,69;11
2006-10-04;198,15;11
2006-10-05;199,17;11
2006-10-06;199,12;11
2006-10-09;199,92;11
2006-10-10;200,95;11
2006-10-11;201,42;11
2006-10-12;202,32;11
2006-10-13;202,77;11
2006-10-16;202,99;11
2006-10-17;202,42;11
2006-10-18;203,45;11
2006-10-19;203,59;11
2006-10-20;203,52;11
2006-10-23;203,33;11
2006-10-24;203,65;11
2006-10-25;204,29;11
2006-10-26;204,94;11
2006-10-27;204,11;11
2006-10-30;203,13;11
2006-10-31;203,65;11
2006-11-02;203,61;11
2006-11-03;204,29;11
2006-11-06;205,36;11
2006-11-07;206,4;11
2006-11-08;206,26;11
2006-11-09;206,87;11
2006-11-10;206,12;11
2006-11-13;206,01;11
2006-11-14;205,95;11
2006-11-15;204,72;11
2006-11-16;205,4;11
2006-11-17;205,04;11
2006-11-20;205,03;11
2006-11-21;206,02;11
2006-11-22;207,07;11
2006-11-23;207,03;11
2006-11-24;206,89;11
2006-11-27;206,92;11
2006-11-28;206,73;11
2006-11-29;208,49;11
2006-11-30;208,41;11
2006-12-01;208,94;11
2006-12-04;210,36;11
2006-12-05;211,41;11
2006-12-06;211,16;11
2006-12-07;211,63;11
2006-12-08;211,52;11
2006-12-11;211,33;11
2006-12-12;210,95;11
2006-12-13;211,05;11
2006-12-14;211,39;11
2006-12-15;211,35;11
2006-12-18;211,83;11
2006-12-19;209,83;11
2006-12-20;208,73;11
2006-12-21;208,83;11
2006-12-22;208,37;11
2006-12-27;209,45;11
2006-12-28;209,32;11
2006-12-29;209,22;11
2007-01-02;210,46;11
2007-01-03;210,83;11
2007-01-04;209,7;11
2007-01-05;208,66;11
2007-01-08;208,35;11
2007-01-09;208,98;11
2007-01-10;208,03;11
2007-01-11;209,99;11
2007-01-12;210,89;11
2007-01-15;212,78;11
2007-01-16;212,79;11
2007-01-17;212,82;11
2007-01-18;215,06;11
2007-01-19;215,26;11
2007-01-22;214,61;11
2007-01-23;214,71;11
2007-01-24;214,79;11
2007-01-25;214,44;11
2007-01-26;214,44;11
2007-01-29;214,83;11
2007-01-30;214,71;11
2007-01-31;215,72;11
2007-02-01;216,76;11
2007-02-02;216,56;11
2007-02-05;216,57;11
2007-02-06;216,48;11
2007-02-07;216,33;11
2007-02-08;214,29;11
2007-02-09;214,55;11
2007-02-12;213,32;11
2007-02-13;214,56;11
2007-02-14;215,13;11
2007-02-15;214,94;11
2007-02-16;214,79;11
2007-02-19;215,9;11
2007-02-20;215,47;11
2007-02-21;216,26;11
2007-02-22;217,16;11
2007-02-23;217,07;11
2007-02-26;216,59;11
2007-02-27;213,38;11
2007-02-28;212,44;11
2007-03-01;211,81;11
2007-03-02;212,38;11
2007-03-05;210,64;11
2007-03-06;211,64;11
2007-03-07;211,49;11
2007-03-08;213,64;11
2007-03-09;213,5;11
2007-03-12;213,77;11
2007-03-13;213,71;11
2007-03-14;213,55;11
2007-03-15;214,25;11
2007-03-16;215,07;11
2007-03-19;216,31;11
2007-03-20;216,3;11
2007-03-21;217,29;11
2007-03-22;218,45;11
2007-03-23;218,98;11
2007-03-26;218,39;11
2007-03-27;218,36;11
2007-03-28;217,76;11
2007-03-29;219,07;11
2007-03-30;219,38;11
2007-04-02;218,47;11
2007-04-03;219,15;11
2007-04-04;219,84;11
2007-04-05;220,22;11
2007-04-10;220,96;11
2007-04-11;221,42;11
2007-04-12;220,25;11
2007-04-13;220,99;11
2007-04-16;221,86;11
2007-04-17;221,49;11
2007-04-18;222,26;11
2007-04-19;221,71;11
2007-04-20;223,14;11
2007-04-23;223;11
2007-04-24;222,33;11
2007-04-25;222,34;11
2007-04-26;222,25;11
2007-04-27;222,31;11
2007-04-30;223,22;11
2007-05-02;223,55;11
2007-05-04;224,99;11
2007-05-07;224,47;11
2007-05-08;223,29;11
2007-05-09;223,21;11
2007-05-10;221,75;11
2007-05-11;222,27;11
2007-05-14;223,56;11
2007-05-15;222,78;11
2007-05-16;222,14;11
2007-05-17;221,66;11
2007-05-18;222,75;11
2007-05-21;223,92;11
2007-05-22;224,72;11
2007-05-23;224,28;11
2007-05-24;224,71;11
2007-05-25;224,13;11
2007-05-28;225,19;11
2007-05-29;225,59;11
2007-05-30;225,06;11
2007-05-31;227,01;11
2007-06-01;228,16;11
2007-06-04;227,87;11
2007-06-05;227,95;11
2007-06-06;226,36;11
2007-06-08;225,14;11
2007-06-11;226,62;11
2007-06-12;225,61;11
2007-06-13;226,03;11
2007-06-14;227,04;11
2007-06-15;227,85;11
2007-06-18;227,57;11
2007-06-19;227,22;11
2007-06-20;226,33;11
2007-06-21;226,38;11
2007-06-22;227,03;11
2007-06-25;226,86;11
2007-06-26;227,53;11
2007-06-27;225,93;11
2007-06-28;226,94;11
2007-06-29;226,73;11
2007-07-02;226,04;11
2007-07-03;227,27;11
2007-07-04;227,9;11
2007-07-05;227,96;11
2007-07-06;228,86;11
2007-07-09;228,68;11
2007-07-10;227,37;11
2007-07-11;226,84;11
2007-07-12;226,95;11
2007-07-13;227,31;11
2007-07-16;226,49;11
2007-07-17;226,55;11
2007-07-18;226,39;11
2007-07-19;227,53;11
2007-07-20;226,7;11
2007-07-23;228;11
2007-07-24;227,14;11
2007-07-25;226,72;11
2007-07-26;224,05;11
2007-07-27;223,23;11
2007-07-30;223,01;11
2007-07-31;224,49;11
2007-08-01;222,63;11
2007-08-02;223,52;11
2007-08-03;222,9;11
2007-08-06;221,82;11
2007-08-07;222,59;11
2007-08-08;222,92;11
2007-08-09;221,29;11
2007-08-10;218,47;11
2007-08-13;220,61;11
2007-08-14;219,69;11
2007-08-16;214,65;11
2007-08-17;216,28;11
2007-08-20;216,3;11
2007-08-21;215,36;11
2007-08-22;218,78;11
2007-08-23;219,85;11
2007-08-24;221,02;11
2007-08-27;221;11
2007-08-28;220,13;11
2007-08-29;220,92;11
2007-08-30;219,42;11
2007-08-31;221,84;11
2007-09-03;221,98;11
2007-09-04;222,53;11
2007-09-05;221,18;11
2007-09-06;220,37;11
2007-09-07;219,37;11
2007-09-10;217,81;11
2007-09-11;218,88;11
2007-09-12;219,73;11
2007-09-13;221,31;11
2007-09-14;220,96;11
2007-09-17;220,72;11
2007-09-18;221,52;11
2007-09-19;224,84;11
2007-09-20;224,88;11
2007-09-21;224,25;11
2007-09-24;223,22;11
2007-09-25;222,49;11
2007-09-26;222,79;11
2007-09-27;222,62;11
2007-09-28;221,85;11
2007-10-01;221,71;11
2007-10-02;223,08;11
2007-10-03;222,69;11
2007-10-04;222,98;11
2007-10-05;224,04;11
2007-10-08;224,15;11
2007-10-09;226,29;11
2007-10-10;226,42;11
2007-10-11;227,67;11
2007-10-12;227,2;11
2007-10-15;227,58;11
2007-10-16;226,04;11
2007-10-17;226,47;11
2007-10-18;224,69;11
2007-10-19;225,38;11
2007-10-22;224,5;11
2007-10-23;226,04;11
2007-10-24;225,41;11
2007-10-25;225,43;11
2007-10-26;225,19;11
2007-10-29;225,56;11
2007-10-30;224,96;11
2007-10-31;224,86;11
2007-11-02;223,58;11
2007-11-05;222,87;11
2007-11-06;222,41;11
2007-11-07;220,45;11
2007-11-08;219,45;11
2007-11-09;217,86;11
2007-11-12;216,62;11
2007-11-13;217,72;11
2007-11-14;216,88;11
2007-11-15;214,65;11
2007-11-16;214,69;11
2007-11-19;214,54;11
2007-11-20;214,84;11
2007-11-21;213,25;11
2007-11-22;214,61;11
2007-11-23;215,53;11
2007-11-26;214,29;11
2007-11-27;213,45;11
2007-11-28;214,84;11
2007-11-29;215,38;11
2007-11-30;215,77;11
2007-12-03;215,22;11
2007-12-04;215,17;11
2007-12-05;217,62;11
2007-12-06;217,83;11
2007-12-07;218,58;11
2007-12-10;218,93;11
2007-12-11;218,44;11
2007-12-12;218,81;11
2007-12-13;217,32;11
2007-12-14;215,92;11
2007-12-17;213,67;11
2007-12-18;213,32;11
2007-12-19;213,13;11
2007-12-20;213,84;11
2007-12-21;214,39;11
2007-12-27;215,74;11
2007-12-28;214,53;11
2008-01-02;214,07;11
2008-01-03;213,65;11
2008-01-04;212,7;11
2008-01-07;211,18;11
2008-01-08;211,62;11
2008-01-09;209,89;11
2008-01-10;207,88;11
2008-01-11;206,45;11
2008-01-14;205,48;11
2008-01-15;202,85;11
2008-01-16;200,5;11
2008-01-17;201,27;11
2008-01-18;202,31;11
2008-01-21;197,7;11
2008-01-22;199,1;11
2008-01-23;199,38;11
2008-01-24;202,51;11
2008-01-25;202,75;11
2008-01-28;201,16;11
2008-01-29;203,44;11
2008-01-30;203,79;11
2008-01-31;202,56;11
2008-02-01;204,94;11
2008-02-04;205,5;11
2008-02-05;202,6;11
2008-02-06;202,45;11
2008-02-07;201,26;11
2008-02-08;201,85;11
2008-02-11;202,5;11
2008-02-12;205,2;11
2008-02-13;206,02;11
2008-02-14;206,55;11
2008-02-15;204,95;11
2008-02-18;206,4;11
2008-02-19;206,26;11
2008-02-20;205,46;11
2008-02-21;205,41;11
2008-02-22;204,67;11
2008-02-25;204,46;11
2008-02-26;204,23;11
2008-02-27;203,9;11
2008-02-28;202,99;11
2008-02-29;201,42;11
2008-03-03;199,6;11
2008-03-04;198,41;11
2008-03-05;199,77;11
2008-03-06;198,72;11
2008-03-07;197,42;11
2008-03-10;198,61;11
2008-03-11;200,51;11
2008-03-12;201,31;11
2008-03-13;199,43;11
2008-03-14;199,06;11
2008-03-17;196,76;11
2008-03-18;199,58;11
2008-03-19;200,27;11
2008-03-20;199,08;11
2008-03-25;201,6;11
2008-03-26;201,73;11
2008-03-27;202,59;11
2008-03-28;202,39;11
2008-03-31;202,28;11
2008-04-01;203,72;11
2008-04-02;203,59;11
2008-04-03;202,66;11
2008-04-04;203,39;11
2008-04-07;203,86;11
2008-04-08;202,96;11
2008-04-09;203,24;11
2008-04-10;202,37;11
2008-04-11;200,56;11
2008-04-14;200,13;11
2008-04-15;200,67;11
2008-04-16;200,77;11
2008-04-17;200,66;11
2008-04-18;202,03;11
2008-04-21;200,92;11
2008-04-22;199,98;11
2008-04-23;198,71;11
2008-04-24;199,71;11
2008-04-25;200,25;11
2008-04-28;201,42;11
2008-04-29;200,43;11
2008-04-30;201,62;11
2008-05-05;202,51;11
2008-05-06;202,75;11
2008-05-07;203,72;11
2008-05-08;202,98;11
2008-05-09;202,63;11
2008-05-12;203,24;11
2008-05-13;203,15;11
2008-05-14;203,46;11
2008-05-15;202,53;11
2008-05-16;202,91;11
2008-05-19;202,11;11
2008-05-20;200,55;11
2008-05-21;200,7;11
2008-05-23;199,45;11
2008-05-26;199,57;11
2008-05-27;199,96;11
2008-05-28;200,3;11
2008-05-29;199,38;11
2008-05-30;199,56;11
2008-06-02;199,19;11
2008-06-03;199,6;11
2008-06-04;197,88;11
2008-06-05;198;11
2008-06-06;197,38;11
2008-06-09;196,11;11
2008-06-10;193,85;11
2008-06-11;192,22;11
2008-06-12;193,06;11
2008-06-13;193,31;11
2008-06-16;192,84;11
2008-06-17;193,49;11
2008-06-18;192,52;11
2008-06-19;192,74;11
2008-06-20;192,14;11
2008-06-23;190,92;11
2008-06-24;190,39;11
2008-06-25;190,86;11
2008-06-26;190,87;11
2008-06-27;189,02;11
2008-06-30;188,25;11
2008-07-01;187,17;11
2008-07-02;186,69;11
2008-07-03;186,1;11
2008-07-04;185,37;11
2008-07-07;186,27;11
2008-07-08;186,38;11
2008-07-09;187,57;11
2008-07-10;186,59;11
2008-07-11;185,47;11
2008-07-14;185,53;11
2008-07-15;183,47;11
2008-07-16;183,39;11
2008-07-17;185,65;11
2008-07-18;185,87;11
2008-07-21;187,27;11
2008-07-22;187,32;11
2008-07-23;188,93;11
2008-07-24;188,84;11
2008-07-25;189,42;11
2008-07-28;189,75;11
2008-07-29;190,11;11
2008-07-30;192,23;11
2008-07-31;192,61;11
2008-08-01;192,13;11
2008-08-04;191,71;11
2008-08-05;192,88;11
2008-08-06;192,06;11
2008-08-07;191,69;11
2008-08-08;191,25;11
2008-08-11;192,01;11
2008-08-12;192,7;11
2008-08-13;192,67;11
2008-08-14;192,63;11
2008-08-18;192,89;11
2008-08-19;191,6;11
2008-08-20;192;11
2008-08-21;191,9;11
2008-08-22;192,32;11
2008-08-25;192,46;11
2008-08-26;191,79;11
2008-08-27;191,01;11
2008-08-28;191,52;11
2008-08-29;192,07;11
2008-09-01;192,36;11
2008-09-02;193,34;11
2008-09-03;193,07;11
2008-09-04;193,49;11
2008-09-05;191,48;11
2008-09-08;192,46;11
2008-09-09;191,95;11
2008-09-10;191,92;11
2008-09-11;191,34;11
2008-09-12;191,38;11
2008-09-15;189,13;11
2008-09-16;187,69;11
2008-09-17;187,82;11
2008-09-18;187,89;11
2008-09-19;191,01;11
2008-09-22;190,33;11
2008-09-23;189,25;11
2008-09-24;189,3;11
2008-09-25;191,05;11
2008-09-26;191,04;11
2008-09-29;188,65;11
2008-09-30;190,01;11
2008-10-01;190,63;11
2008-10-02;189,99;11
2008-10-03;189,58;11
2008-10-06;186,35;11
2008-10-07;185,52;11
2008-10-08;184,62;11
2008-10-09;184,41;11
2008-10-10;179,26;11
2008-10-13;180,33;11
2008-10-14;182,29;11
2008-10-15;178,56;11
2008-10-16;176,03;11
2008-10-17;172,47;11
2008-10-20;173,29;11
2008-10-21;173,65;11
2008-10-22;168,85;11
2008-10-23;165,14;11
2008-10-24;163,3;11
2008-10-27;163,65;11
2008-10-28;166,36;11
2008-10-29;170,15;11
2008-10-30;172,2;11
2008-10-31;172,82;11
2008-11-03;173,14;11
2008-11-04;175,61;11
2008-11-05;175,04;11
2008-11-06;173,65;11
2008-11-07;174,73;11
2008-11-10;175,91;11
2008-11-12;173,59;11
2008-11-13;170,97;11
2008-11-14;172,23;11
2008-11-17;171,69;11
2008-11-18;169,77;11
2008-11-19;170,35;11
2008-11-20;168,13;11
2008-11-21;169,25;11
2008-11-24;173,33;11
2008-11-25;174,26;11
2008-11-26;175,26;11
2008-11-27;176,13;11
2008-11-28;175,96;11
2008-12-01;174,79;11
2008-12-02;175,55;11
2008-12-03;174,96;11
2008-12-04;177,41;11
2008-12-05;177,09;11
2008-12-08;179,46;11
2008-12-09;180,18;11
2008-12-10;179,75;11
2008-12-11;179,3;11
2008-12-12;177,79;11
2008-12-15;178,75;11
2008-12-16;179,92;11
2008-12-17;178,72;11
2008-12-18;179,14;11
2008-12-19;178,59;11
2008-12-22;177,64;11
2008-12-23;178,3;11
2008-12-29;179,19;11
2008-12-30;179,65;11
2008-12-31;179,01;11
2009-01-05;181,88;11
2009-01-06;183,19;11
2009-01-07;182,3;11
2009-01-08;181,63;11
2009-01-09;180,83;11
2009-01-12;181,02;11
2009-01-13;180,33;11
2009-01-14;179,14;11
2009-01-15;178,21;11
2009-01-16;179,16;11
2009-01-19;177,71;11
2009-01-20;177,33;11
2009-01-21;177,89;11
2009-01-22;175,26;11
2009-01-23;175,14;11
2009-01-26;176,69;11
2009-01-27;175,71;11
2009-01-28;176,31;11
2009-01-29;175,58;11
2009-01-30;175,2;11
2009-02-02;173,6;11
2009-02-03;171,86;11
2009-02-04;172,01;11
2009-02-05;171,68;11
2009-02-06;173,19;11
2009-02-09;174,82;11
2009-02-10;174,6;11
2009-02-11;172,93;11
2009-02-12;170,85;11
2009-02-13;171;11
2009-02-16;169,06;11
2009-02-17;165,13;11
2009-02-18;164,31;11
2009-02-19;166,96;11
2009-02-20;165,99;11
2009-02-23;165,52;11
2009-02-24;166,12;11
2009-02-25;165,72;11
2009-02-26;167,07;11
2009-02-27;166,17;11
2009-03-02;165,98;11
2009-03-03;165,96;11
2009-03-04;167,93;11
2009-03-05;167,26;11
2009-03-06;167,76;11
2009-03-09;167,3;11
2009-03-10;168,2;11
2009-03-12;168,89;11
2009-03-13;169,25;11
2009-03-16;170,06;11
2009-03-17;168,84;11
2009-03-18;167,6;11
2009-03-19;168,75;11
2009-03-20;169,45;11
2009-03-23;171,22;11
2009-03-24;171,77;11
2009-03-25;174,06;11
2009-03-26;173,71;11
2009-03-27;171,67;11
2009-03-30;169,61;11
2009-03-31;169,88;11
2009-04-01;170,45;11
2009-04-02;173,7;11
2009-04-03;174,29;11
2009-04-06;175,08;11
2009-04-07;174,62;11
2009-04-08;177,62;11
2009-04-09;179,14;11
2009-04-14;178,79;11
2009-04-15;178,56;11
2009-04-16;178,72;11
2009-04-17;177,22;11
2009-04-20;175,88;11
2009-04-21;175,96;11
2009-04-22;176,93;11
2009-04-23;177,76;11
2009-04-24;179,15;11
2009-04-27;178,48;11
2009-04-28;177,2;11
2009-04-29;179,37;11
2009-04-30;180,82;11
2009-05-04;182,79;11
2009-05-05;182,52;11
2009-05-06;182,6;11
2009-05-07;182,19;11
2009-05-08;182,01;11
2009-05-11;181,12;11
2009-05-12;182,83;11
2009-05-13;181,27;11
2009-05-14;180,61;11
2009-05-15;181,1;11
2009-05-18;182,04;11
2009-05-19;183,27;11
2009-05-20;183,65;11
2009-05-21;182,39;11
2009-05-22;181,76;11
2009-05-25;181,56;11
2009-05-26;181,39;11
2009-05-27;182,37;11
2009-05-28;182,01;11
2009-05-29;181,9;11
2009-06-01;185,03;11
2009-06-02;186,32;11
2009-06-03;185,64;11
2009-06-04;186,38;11
2009-06-05;186,17;11
2009-06-08;185,13;11
2009-06-09;186,26;11
2009-06-10;187,42;11
2009-06-12;187,99;11
2009-06-15;187,24;11
2009-06-16;187,02;11
2009-06-17;185,78;11
2009-06-18;185,58;11
2009-06-19;186,36;11
2009-06-22;183,23;11
2009-06-23;183,18;11
2009-06-24;184,01;11
2009-06-25;183,68;11
2009-06-26;184,06;11
2009-06-29;184,83;11
2009-06-30;184,79;11
2009-07-01;185,35;11
2009-07-02;184,62;11
2009-07-03;184,49;11
2009-07-06;183,8;11
2009-07-07;183,94;11
2009-07-08;184;11
2009-07-09;184,62;11
2009-07-10;183,85;11
2009-07-13;184,33;11
2009-07-14;186,76;11
2009-07-15;188,13;11
2009-07-16;188,29;11
2009-07-17;187,75;11
2009-07-20;190,5;11
2009-07-21;191,4;11
2009-07-22;190,57;11
2009-07-23;191,96;11
2009-07-24;192,72;11
2009-07-27;192,89;11
2009-07-28;191,79;11
2009-07-29;192,19;11
2009-07-30;194,63;11
2009-07-31;194,9;11
2009-08-03;195,72;11
2009-08-04;195,33;11
2009-08-05;193,96;11
2009-08-06;194,52;11
2009-08-07;195,33;11
2009-08-10;195,87;11
2009-08-11;194,69;11
2009-08-12;194,43;11
2009-08-13;195,65;11
2009-08-14;195,07;11
2009-08-17;193,53;11
2009-08-18;194,31;11
2009-08-19;194,72;11
2009-08-20;196,59;11
2009-08-21;198,59;11
2009-08-24;200,2;11
2009-08-25;200,87;11
2009-08-26;199,07;11
2009-08-27;198,54;11
2009-08-28;199,34;11
2009-08-31;199,04;11
2009-09-01;198,21;11
2009-09-02;195,84;11
2009-09-03;196,21;11
2009-09-04;196,31;11
2009-09-07;198,09;11
2009-09-08;197,82;11
2009-09-09;197,88;11
2009-09-10;196,7;11
2009-09-11;195,95;11
2009-09-14;194,72;11
2009-09-15;194,76;11
2009-09-16;196,8;11
2009-09-17;197,05;11
2009-09-18;196,66;11
2009-09-21;196,29;11
2009-09-22;198,7;11
2009-09-23;199,2;11
2009-09-24;199,5;11
2009-09-25;199,36;11
2009-09-28;199,66;11
2009-09-29;198,71;11
2009-09-30;198,52;11
2009-10-01;199,44;11
2009-10-02;197,37;11
2009-10-05;197,54;11
2009-10-06;199,17;11
2009-10-07;198,48;11
2009-10-08;199,12;11
2009-10-09;199,26;11
2009-10-12;199,81;11
2009-10-13;199,43;11
2009-10-14;201,48;11
2009-10-15;201,15;11
2009-10-16;200,9;11
2009-10-19;202,15;11
2009-10-20;202,88;11
2009-10-21;203,23;11
2009-10-22;203,04;11
2009-10-23;203,41;11
2009-10-26;202,82;11
2009-10-27;201,91;11
2009-10-28;200,41;11
2009-10-29;201,09;11
2009-10-30;200,62;11
2009-11-02;200,48;11
2009-11-03;199,02;11
2009-11-04;200,16;11
2009-11-05;201,34;11
2009-11-06;200,7;11
2009-11-09;202,81;11
2009-11-10;202,99;11
2009-11-12;203,35;11
2009-11-13;202,77;11
2009-11-16;204,3;11
2009-11-17;204,16;11
2009-11-18;202,73;11
2009-11-19;201,78;11
2009-11-20;202,05;11
2009-11-23;203,37;11
2009-11-24;202,58;11
2009-11-25;202,54;11
2009-11-26;201,42;11
2009-11-27;200,94;11
2009-11-30;202,03;11
2009-12-01;202,59;11
2009-12-02;202,89;11
2009-12-03;203,26;11
2009-12-04;204,05;11
2009-12-07;203,74;11
2009-12-08;202,24;11
2009-12-09;201,1;11
2009-12-10;201,3;11
2009-12-11;201,67;11
2009-12-14;202,25;11
2009-12-15;202,23;11
2009-12-16;202,68;11
2009-12-17;201,83;11
2009-12-18;201,54;11
2009-12-21;201,76;11
2009-12-22;202,42;11
2009-12-23;202,39;11
2009-12-28;202,93;11
2009-12-29;203,47;11
2009-12-30;202,8;11
2009-12-31;202,75;11
2010-01-04;204;11
2010-01-05;204,67;11
2010-01-06;205,37;11
2010-01-07;205,1;11
2010-01-08;205,46;11
2010-01-11;206,28;11
2010-01-12;205,55;11
2010-01-13;205,75;11
2010-01-14;205,5;11
2010-01-15;205,46;11
2010-01-18;206,32;11
2010-01-19;206,58;11
2010-01-20;207,03;11
2010-01-21;206,41;11
2010-01-22;205,03;11
2010-01-25;205,1;11
2010-01-26;204,35;11
2010-01-27;204,02;11
2010-01-28;204,09;11
2010-01-29;204,76;11
2010-02-01;204,56;11
2010-02-02;205,02;11
2010-02-03;205,27;11
2010-02-04;202,69;11
2010-02-05;200,67;11
2010-02-08;200,13;11
2010-02-09;200,92;11
2010-02-10;201,49;11
2010-02-11;200,79;11
2010-02-12;201,4;11
2010-02-15;202,47;11
2010-02-16;202,19;11
2010-02-17;203,01;11
2010-02-18;202,43;11
2010-02-19;202,72;11
2010-02-22;203,24;11
2010-02-23;202,59;11
2010-02-24;202,53;11
2010-02-25;201,84;11
2010-02-26;203,23;11
2010-03-01;203,94;11
2010-03-02;205,21;11
2010-03-03;205,33;11
2010-03-04;205,28;11
2010-03-05;206,28;11
2010-03-08;206,82;11
2010-03-09;206,8;11
2010-03-10;207,93;11
2010-03-11;208,11;11
2010-03-12;208,51;11
2010-03-15;208,73;11
2010-03-16;210,14;11
2010-03-17;210,62;11
2010-03-18;210,62;11
2010-03-19;210,12;11
2010-03-22;210,05;11
2010-03-23;211,02;11
2010-03-24;211,21;11
2010-03-25;212,52;11
2010-03-26;212,71;11
2010-03-29;212,65;11
2010-03-30;212,87;11
2010-03-31;212,93;11
2010-04-01;214,26;11
2010-04-06;214,72;11
2010-04-07;213,74;11
2010-04-08;212,55;11
2010-04-09;213,79;11
2010-04-12;214,4;11
2010-04-13;214,91;11
2010-04-14;215,67;11
2010-04-15;215,81;11
2010-04-16;215,53;11
2010-04-19;213,7;11
2010-04-20;214,8;11
2010-04-21;214,53;11
2010-04-22;212,97;11
2010-04-23;213,69;11
2010-04-26;215,21;11
2010-04-27;214,02;11
2010-04-28;212,37;11
2010-04-29;213,77;11
2010-04-30;214,66;11
2010-05-04;211,71;11
2010-05-05;209,77;11
2010-05-06;209,23;11
2010-05-07;207,38;11
2010-05-10;211,48;11
2010-05-11;211,27;11
2010-05-12;212,29;11
2010-05-13;212,27;11
2010-05-14;210,68;11
2010-05-17;211,05;11
2010-05-18;211,75;11
2010-05-19;209,83;11
2010-05-20;207,48;11
2010-05-21;207,5;11
2010-05-24;208,52;11
2010-05-25;206,18;11
2010-05-26;208,76;11
2010-05-27;209,98;11
2010-05-28;210,91;11
2010-05-31;211,12;11
2010-06-01;209,92;11
2010-06-02;210,3;11
2010-06-04;208,87;11
2010-06-07;208,19;11
2010-06-08;207,86;11
2010-06-09;208,35;11
2010-06-10;209,27;11
2010-06-11;209,07;11
2010-06-14;210,17;11
2010-06-15;210,24;11
2010-06-16;210,05;11
2010-06-17;209,49;11
2010-06-18;209,15;11
2010-06-21;209,73;11
2010-06-22;209,32;11
2010-06-23;207,95;11
2010-06-24;207,65;11
2010-06-25;207,64;11
2010-06-28;207,86;11
2010-06-29;206,4;11
2010-06-30;206,44;11
2010-07-01;206,37;11
2010-07-02;207,34;11
2010-07-05;207,3;11
2010-07-06;208,4;11
2010-07-07;208,59;11
2010-07-08;209,03;11
2010-07-09;208,7;11
2010-07-12;209,32;11
2010-07-13;209,74;11
2010-07-14;209,86;11
2010-07-15;210,06;11
2010-07-16;209,74;11
2010-07-19;209,42;11
2010-07-20;209;11
2010-07-21;210,29;11
2010-07-22;211,45;11
2010-07-23;211,63;11
2010-07-26;212,64;11
2010-07-27;212,75;11
2010-07-28;212,15;11
2010-07-29;212,62;11
2010-07-30;212,21;11
2010-08-02;213,7;11
2010-08-03;213,67;11
2010-08-04;214,12;11
2010-08-05;213,83;11
2010-08-06;213,7;11
2010-08-09;213,28;11
2010-08-10;212,5;11
2010-08-11;211,7;11
2010-08-12;211,95;11
2010-08-13;211,84;11
2010-08-16;212,65;11
2010-08-17;213,5;11
2010-08-18;213,47;11
2010-08-19;213,27;11
2010-08-20;213,84;11
2010-08-23;214,17;11
2010-08-24;212,53;11
2010-08-25;212,12;11
2010-08-26;212,34;11
2010-08-27;212,81;11
2010-08-30;212,62;11
2010-08-31;212,81;11
2010-09-01;213,26;11
2010-09-02;213,56;11
2010-09-03;213,8;11
2010-09-06;214,02;11
2010-09-07;213,97;11
2010-09-08;215,19;11
2010-09-10;215,32;11
2010-09-13;216,41;11
2010-09-14;216,25;11
2010-09-15;216,4;11
2010-09-16;216,28;11
2010-09-17;216,16;11
2010-09-20;216,31;11
2010-09-21;217,06;11
2010-09-22;217,02;11
2010-09-23;216,65;11
2010-09-24;217,66;11
2010-09-27;217,41;11
2010-09-28;216,84;11
2010-09-29;217,27;11
2010-09-30;217,87;11
2010-10-01;218;11
2010-10-04;218,39;11
2010-10-05;218,99;11
2010-10-06;219,31;11
2010-10-07;218,63;11
2010-10-08;218,22;11
2010-10-11;218,65;11
2010-10-12;218,7;11
2010-10-13;219,73;11
2010-10-14;219,27;11
2010-10-15;218,66;11
2010-10-18;218,66;11
2010-10-19;217,74;11
2010-10-20;218,05;11
2010-10-21;218,94;11
2010-10-22;218,6;11
2010-10-25;219,05;11
2010-10-26;218,36;11
2010-10-27;218,94;11
2010-10-28;218,96;11
2010-10-29;219,32;11
2010-11-02;219,76;11
2010-11-03;219,61;11
2010-11-04;220,87;11
2010-11-05;221,18;11
2010-11-08;221,31;11
2010-11-09;222,37;11
2010-11-10;221,26;11
2010-11-12;221,46;11
2010-11-15;221;11
2010-11-16;219,98;11
2010-11-17;219,4;11
2010-11-18;219,44;11
2010-11-19;218,45;11
2010-11-22;218,45;11
2010-11-23;217,93;11
2010-11-24;218,18;11
2010-11-25;217,79;11
2010-11-26;216,96;11
2010-11-29;216,2;11
2010-11-30;216,95;11
2010-12-01;218,62;11
2010-12-02;219,2;11
2010-12-03;219,92;11
2010-12-06;220,65;11
2010-12-07;221,24;11
2010-12-08;221,37;11
2010-12-09;221,27;11
2010-12-10;221,41;11
2010-12-13;221,68;11
2010-12-14;221,6;11
2010-12-15;221,93;11
2010-12-16;221,46;11
2010-12-17;221,8;11
2010-12-20;221,4;11
2010-12-21;221,95;11
2010-12-22;222,2;11
2010-12-23;221,77;11
2010-12-27;221,51;11
2010-12-28;221,51;11
2010-12-29;222,29;11
2010-12-30;221,74;11
2010-12-31;221,73;11
2011-01-03;221,87;11
2011-01-04;221,42;11
2011-01-05;220,05;11
2011-01-07;219,41;11
2011-01-10;218,68;11
2011-01-11;219,25;11
2011-01-12;220,36;11
2011-01-13;220,31;11
2011-01-14;220,14;11
2011-01-17;220,94;11
2011-01-18;221,92;11
2011-01-19;221,39;11
2011-01-20;220,49;11
2011-01-21;220,76;11
2011-01-24;220,66;11
2011-01-25;220,43;11
2011-01-26;220,76;11
2011-01-27;220,81;11
2011-01-28;220,01;11
2011-01-31;219,84;11
2011-02-01;220,88;11
2011-02-02;221,14;11
2011-02-03;221,26;11
2011-02-04;221,16;11
2011-02-07;221,62;11
2011-02-08;221,44;11
2011-02-09;221,15;11
2011-02-10;220,12;11
2011-02-11;220,75;11
2011-02-14;220,81;11
2011-02-15;220,46;11
2011-02-16;219,92;11
2011-02-17;219,01;11
2011-02-18;219,49;11
2011-02-21;219,48;11
2011-02-22;218,91;11
2011-02-23;219,41;11
2011-02-25;219,62;11
2011-02-28;220,95;11
2011-03-01;220,61;11
2011-03-02;220,71;11
2011-03-03;221,96;11
2011-03-04;222,32;11
2011-03-07;222,38;11
2011-03-08;222,1;11
2011-03-09;221,79;11
2011-03-10;221,28;11
2011-03-11;220,8;11
2011-03-14;221,12;11
2011-03-15;220,63;11
2011-03-16;220,51;11
2011-03-17;221,59;11
2011-03-18;222,2;11
2011-03-21;222,7;11
2011-03-22;221,99;11
2011-03-23;221,99;11
2011-03-24;222,53;11
2011-03-25;223,06;11
2011-03-28;223,28;11
2011-03-29;222,98;11
2011-03-30;222,92;11
2011-03-31;223,41;11
2011-04-01;224,74;11
2011-04-04;225,23;11
2011-04-05;225,5;11
2011-04-06;226,61;11
2011-04-07;226,77;11
2011-04-08;226,13;11
2011-04-11;225,84;11
2011-04-12;225,45;11
2011-04-13;225,97;11
2011-04-14;225,56;11
2011-04-15;225,91;11
2011-04-18;224,52;11
2011-04-19;225,22;11
2011-04-20;226,24;11
2011-04-21;226,28;11
2011-04-26;226,32;11
2011-04-27;226,03;11
2011-04-28;226,22;11
2011-04-29;226,17;11
2011-05-02;226,49;11
2011-05-04;225,59;11
2011-05-05;225,26;11
2011-05-06;225,56;11
2011-05-09;224,95;11
2011-05-10;225,62;11
2011-05-11;225,11;11
2011-05-12;224,46;11
2011-05-13;224,48;11
2011-05-16;224,76;11
2011-05-17;223,94;11
2011-05-18;224,5;11
2011-05-19;224,73;11
2011-05-20;225,07;11
2011-05-23;224,47;11
2011-05-24;224,98;11
2011-05-25;225,22;11
2011-05-26;225,19;11
2011-05-27;225,87;11
2011-05-30;226,03;11
2011-05-31;226,75;11
2011-06-01;226,63;11
2011-06-02;226,5;11
2011-06-03;226,17;11
2011-06-06;226;11
2011-06-07;226,64;11
2011-06-08;226,49;11
2011-06-09;226,27;11
2011-06-10;226,07;11
2011-06-13;226,13;11
2011-06-14;226,45;11
2011-06-15;225,85;11
2011-06-16;225,64;11
2011-06-17;226,13;11
2011-06-20;225,48;11
2011-06-21;225,69;11
2011-06-22;225,01;11
2011-06-24;225,15;11
2011-06-27;224,6;11
2011-06-28;224,47;11
2011-06-29;225,35;11
2011-06-30;225,79;11
2011-07-01;226,04;11
2011-07-04;225,94;11
2011-07-05;226,12;11
2011-07-06;225,45;11
2011-07-07;226,96;11
2011-07-08;226,52;11
2011-07-11;224,71;11
2011-07-12;224,2;11
2011-07-13;225,12;11
2011-07-14;224,75;11
2011-07-15;224,66;11
2011-07-18;222,89;11
2011-07-19;222,73;11
2011-07-20;223,13;11
2011-07-21;223,94;11
2011-07-22;224,27;11
2011-07-25;224,06;11
2011-07-26;224,01;11
2011-07-27;223,24;11
2011-07-28;223,88;11
2011-07-29;224,16;11
2011-08-01;223,65;11
2011-08-02;222,87;11
2011-08-03;219,9;11
2011-08-04;217,21;11
2011-08-05;215,22;11
2011-08-08;211,96;11
2011-08-09;208,88;11
2011-08-10;206,69;11
2011-08-11;208,92;11
2011-08-12;210,88;11
2011-08-16;213,01;11
2011-08-17;213,94;11
2011-08-18;209,86;11
2011-08-19;209,65;11
2011-08-22;211,25;11
2011-08-23;211,61;11
2011-08-24;211,31;11
2011-08-25;211,2;11
2011-08-26;211,3;11
2011-08-29;213;11
2011-08-30;213,99;11
2011-08-31;216,05;11
2011-09-01;214,75;11
2011-09-02;212,78;11
2011-09-05;210,35;11
2011-09-06;211,07;11
2011-09-07;213,04;11
2011-09-08;213,09;11
2011-09-09;210,12;11
2011-09-12;207,31;11
2011-09-13;207,97;11
2011-09-14;207,58;11
2011-09-15;209,73;11
2011-09-16;210,02;11
2011-09-19;208,31;11
2011-09-20;209,49;11
2011-09-21;209,19;11
2011-09-22;204,77;11
2011-09-23;204,52;11
2011-09-26;205,1;11
2011-09-27;207,59;11
2011-09-28;207,08;11
2011-09-29;207,67;11
2011-09-30;207,6;11
2011-10-03;206,28;11
2011-10-04;204,82;11
2011-10-05;206,44;11
2011-10-06;207,55;11
2011-10-07;208,24;11
2011-10-10;210,23;11
2011-10-11;209,95;11
2011-10-12;211,62;11
2011-10-13;210,7;11
2011-10-14;211,53;11
2011-10-17;211,59;11
2011-10-18;211,04;11
2011-10-19;211,32;11
2011-10-20;209,08;11
2011-10-21;211,25;11
2011-10-24;212,69;11
2011-10-25;212,18;11
2011-10-26;212,14;11
2011-10-27;214,49;11
2011-10-28;214,29;11
2011-10-31;213,48;11
2011-11-02;212,39;11
2011-11-03;213,51;11
2011-11-04;212,94;11
2011-11-07;213,16;11
2011-11-08;213,55;11
2011-11-09;211,56;11
2011-11-10;210,48;11
2011-11-14;211,12;11
2011-11-15;210,67;11
2011-11-16;211,19;11
2011-11-17;210,26;11
2011-11-18;209,26;11
2011-11-21;207,38;11
2011-11-22;207,31;11
2011-11-23;205,48;11
2011-11-24;205,08;11
2011-11-25;204,85;11
2011-11-28;206,42;11
2011-11-29;205,77;11
2011-11-30;209,17;11
2011-12-01;208,78;11
2011-12-02;209,03;11
2011-12-05;210,33;11
2011-12-06;208,74;11
2011-12-07;208,94;11
2011-12-08;207,72;11
2011-12-09;208,19;11
2011-12-12;206,69;11
2011-12-13;206,71;11
2011-12-14;206,05;11
2011-12-15;205,91;11
2011-12-16;204,99;11
2011-12-19;204,5;11
2011-12-20;205,35;11
2011-12-21;206;11
2011-12-22;205,85;11
2011-12-23;206,37;11
2011-12-27;206,32;11
2011-12-28;205,78;11
2011-12-29;206,1;11
2011-12-30;205,72;11
2012-01-02;207,11;11
2012-01-03;207,43;11
2012-01-04;206,41;11
2012-01-05;205,58;11
2012-01-09;205,24;11
2012-01-10;206,16;11
2012-01-11;206,04;11
2012-01-12;206,89;11
2012-01-13;206,64;11
2012-01-16;207,2;11
2012-01-17;208,18;11
2012-01-18;209,04;11
2012-01-19;209,94;11
2012-01-20;210,4;11
2012-01-23;211,03;11
2012-01-24;210,71;11
2012-01-25;210,46;11
2012-01-26;212,51;11
2012-01-27;212,58;11
2012-01-30;212,56;11
2012-01-31;213,6;11
2012-02-01;214,62;11
2012-02-02;214,95;11
2012-02-03;215,4;11
2012-02-06;216;11
2012-02-07;215,74;11
2012-02-08;216,1;11
2012-02-09;215,55;11
2012-02-10;214,43;11
2012-02-13;215,17;11
2012-02-14;215,04;11
2012-02-15;215,56;11
2012-02-16;215,21;11
2012-02-17;216,8;11
2012-02-20;216,95;11
2012-02-21;216,74;11
2012-02-22;215,74;11
2012-02-23;215,24;11
2012-02-24;215,81;11
2012-02-27;215,53;11
2012-02-28;216,01;11
2012-02-29;216,08;11
2012-03-01;216,42;11
2012-03-02;216,57;11
2012-03-05;215,42;11
2012-03-06;214,04;11
2012-03-07;214,46;11
2012-03-08;216,02;11
2012-03-12;216,5;11
2012-03-13;216,92;11
2012-03-14;217,73;11
2012-03-15;217,93;11
2012-03-16;217,8;11
2012-03-19;217,55;11
2012-03-20;216,89;11
2012-03-21;216,63;11
2012-03-22;215,34;11
2012-03-23;216;11
2012-03-26;216,59;11
2012-03-27;217,03;11
2012-03-28;216,2;11
2012-03-29;214,96;11
2012-03-30;215,5;11
2012-04-02;216,23;11
2012-04-03;216,2;11
2012-04-04;214,65;11
2012-04-05;214,42;11
2012-04-10;213,32;11
2012-04-11;214,03;11
2012-04-12;214,88;11
2012-04-13;214,15;11
2012-04-16;214,01;11
2012-04-17;214,77;11
2012-04-18;214,08;11
2012-04-19;214,08;11
2012-04-20;213,72;11
2012-04-23;211,68;11
2012-04-24;212,43;11
2012-04-25;213,43;11
2012-04-26;214,31;11
2012-04-27;215,16;11
2012-04-30;215,26;11
2012-05-02;215,39;11
2012-05-04;215,17;11
2012-05-07;215,05;11
2012-05-08;213,61;11
2012-05-09;212,86;11
2012-05-10;213,28;11
2012-05-11;213,01;11
2012-05-14;211,05;11
2012-05-15;210,45;11
2012-05-16;210,36;11
2012-05-17;208,5;11
2012-05-18;208,69;11
2012-05-21;209,7;11
2012-05-22;210,28;11
2012-05-23;208,15;11
2012-05-24;208,18;11
2012-05-25;208,49;11
2012-05-28;208,92;11
2012-05-29;210,07;11
2012-05-30;209,25;11
2012-05-31;209,92;11
2012-06-01;209,05;11
2012-06-04;209,2;11
2012-06-05;208,19;11
2012-06-06;209,94;11
2012-06-08;211,6;11
2012-06-11;212,1;11
2012-06-12;213,39;11
2012-06-13;213,67;11
2012-06-14;213,65;11
2012-06-15;214,53;11
2012-06-18;214,54;11
2012-06-19;216,47;11
2012-06-20;216,41;11
2012-06-21;216,04;11
2012-06-22;215,8;11
2012-06-25;215,01;11
2012-06-26;215,99;11
2012-06-27;216,65;11
2012-06-28;215,66;11
2012-06-29;217,15;11
2012-07-02;216,93;11
2012-07-03;217,35;11
2012-07-04;217,42;11
2012-07-05;217,74;11
2012-07-06;217,42;11
2012-07-09;216,8;11
2012-07-10;216,91;11
2012-07-11;216,53;11
2012-07-12;216,64;11
2012-07-13;217,58;11
2012-07-16;217,82;11
2012-07-17;218,1;11
2012-07-18;218,39;11
2012-07-19;218,83;11
2012-07-20;217,87;11
2012-07-23;215,93;11
2012-07-24;216,03;11
2012-07-25;216,32;11
2012-07-26;216,85;11
2012-07-27;218,08;11
2012-07-30;218,76;11
2012-07-31;218,74;11
2012-08-01;218,82;11
2012-08-02;218,19;11
2012-08-03;219,93;11
2012-08-06;220,73;11
2012-08-07;220,3;11
2012-08-08;220,28;11
2012-08-09;221,18;11
2012-08-10;220,74;11
2012-08-13;220,68;11
2012-08-16;221,68;11
2012-08-17;220,96;11
2012-08-20;220,77;11
2012-08-21;221,32;11
2012-08-22;220,94;11
2012-08-23;221;11
2012-08-24;221,12;11
2012-08-27;220,93;11
2012-08-28;220,88;11
2012-08-29;220,56;11
2012-08-30;220,3;11
2012-08-31;221,46;11
2012-09-03;221,88;11
2012-09-04;221,75;11
2012-09-05;222,13;11
2012-09-06;222,89;11
2012-09-07;223,81;11
2012-09-10;223,97;11
2012-09-11;224,15;11
2012-09-12;223,97;11
2012-09-13;224,29;11
2012-09-14;225,76;11
2012-09-17;225,29;11
2012-09-18;225,59;11
2012-09-19;225,85;11
2012-09-20;225,23;11
2012-09-21;225,26;11
2012-09-24;225,05;11
2012-09-25;225,56;11
2012-09-26;225,34;11
2012-09-27;226,34;11
2012-09-28;226,24;11
2012-10-01;227,08;11
2012-10-02;227,33;11
2012-10-03;227,23;11
2012-10-04;226,64;11
2012-10-05;228,07;11
2012-10-08;227,83;11
2012-10-09;227,44;11
2012-10-10;228,1;11
2012-10-11;228,55;11
2012-10-12;228,16;11
2012-10-15;228,52;11
2012-10-16;229,11;11
2012-10-17;229,33;11
2012-10-18;229,88;11
2012-10-19;228,79;11
2012-10-22;228,57;11
2012-10-23;227,69;11
2012-10-24;227,97;11
2012-10-25;228,01;11
2012-10-26;227,84;11
2012-10-29;227,44;11
2012-10-30;227,55;11
2012-10-31;227,98;11
2012-11-02;228,95;11
2012-11-05;229,4;11
2012-11-06;229,57;11
2012-11-07;229,42;11
2012-11-08;229,77;11
2012-11-09;229,88;11
2012-11-12;230;11
2012-11-13;230,24;11
2012-11-14;230,66;11
2012-11-15;230,69;11
2012-11-16;230,34;11
2012-11-19;231,51;11
2012-11-20;231,73;11
2012-11-21;231,6;11
2012-11-22;231,36;11
2012-11-23;231,74;11
2012-11-26;232,33;11
2012-11-27;232,68;11
2012-11-28;233,04;11
2012-11-29;233,28;11
2012-11-30;234,16;11
2012-12-03;234,25;11
2012-12-04;234,74;11
2012-12-05;235,1;11
2012-12-06;235,98;11
2012-12-07;235,91;11
2012-12-10;237,01;11
2012-12-11;238,24;11
2012-12-12;238,66;11
2012-12-13;238,27;11
2012-12-14;238,59;11
2012-12-17;238,86;11
2012-12-18;239,63;11
2012-12-19;240,76;11
2012-12-20;240,98;11
2012-12-21;240,97;11
2012-12-27;241,58;11
2012-12-28;241,21;11
2013-01-02;241,83;11
2013-01-03;241,47;11
2013-01-04;240,62;11
2013-01-07;240,35;11
2013-01-08;240,83;11
2013-01-09;240,55;11
2013-01-10;240,05;11
2013-01-11;239,39;11
2013-01-14;239,72;11
2013-01-15;239,16;11
2013-01-16;239,88;11
2013-01-17;240,5;11
2013-01-18;241,13;11
2013-01-21;241,52;11
2013-01-22;241,49;11
2013-01-23;242,08;11
2013-01-24;242,86;11
2013-01-25;241,94;11
2013-01-28;240,74;11
2013-01-29;241,05;11
2013-01-30;240,06;11
2013-01-31;240,31;11
2013-02-01;240,92;11
2013-02-04;240,07;11
2013-02-05;240,06;11
2013-02-06;238,94;11
2013-02-07;238,82;11
2013-02-08;239,22;11
2013-02-11;238,94;11
2013-02-12;238,62;11
2013-02-13;238,9;11
2013-02-14;238,66;11
2013-02-15;239,12;11
2013-02-18;239,52;11
2013-02-19;239,58;11
2013-02-20;238,74;11
2013-02-21;238,63;11
2013-02-22;238,71;11
2013-02-25;239,04;11
2013-02-26;238,55;11
2013-02-27;239,13;11
2013-02-28;239,25;11
2013-03-01;239,22;11
2013-03-04;238,87;11
2013-03-05;239,35;11
2013-03-06;240,27;11
2013-03-07;240,39;11
2013-03-08;240,9;11
2013-03-11;240,52;11
2013-03-12;240,86;11
2013-03-13;240,95;11
2013-03-14;241,47;11
2013-03-15;241,58;11
2013-03-18;241,05;11
2013-03-19;239,87;11
2013-03-20;239,77;11
2013-03-21;239,08;11
2013-03-22;238,41;11
2013-03-25;237,61;11
2013-03-26;237,92;11
2013-03-27;238,82;11
2013-03-28;238,49;11
2013-04-02;239,02;11
2013-04-03;238,17;11
2013-04-04;238,43;11
2013-04-05;239,15;11
2013-04-08;239,9;11
2013-04-09;239,53;11
2013-04-10;240,31;11
2013-04-11;240,99;11
2013-04-12;240,91;11
2013-04-15;239,64;11
2013-04-17;238,76;11
2013-04-18;237,93;11
2013-04-19;238,21;11
2013-04-22;238,15;11
2013-04-23;238,07;11
2013-04-24;238,81;11
2013-04-25;238,94;11
2013-04-26;239,54;11
2013-04-29;240,45;11
2013-04-30;241,12;11
2013-05-02;241,33;11
2013-05-06;241,83;11
2013-05-07;242,16;11
2013-05-08;243,24;11
2013-05-09;243,45;11
2013-05-10;242,97;11
2013-05-13;243,04;11
2013-05-14;244,15;11
2013-05-15;244,54;11
2013-05-16;244,36;11
2013-05-17;244,51;11
2013-05-20;243,64;11
2013-05-21;243,34;11
2013-05-22;244,11;11
2013-05-23;242,76;11
2013-05-24;243,83;11
2013-05-27;245,66;11
2013-05-28;245,86;11
2013-05-29;245,21;11
2013-05-31;245,3;11
2013-06-03;243,85;11
2013-06-04;244,94;11
2013-06-05;245,02;11
2013-06-06;243,28;11
2013-06-07;244,53;11
2013-06-10;243,89;11
2013-06-11;242,96;11
2013-06-12;243,62;11
2013-06-13;243,71;11
2013-06-14;244,96;11
2013-06-17;244,25;11
2013-06-18;243,59;11
2013-06-19;243,25;11
2013-06-20;237,93;11
2013-06-21;235,48;11
2013-06-24;234,42;11
2013-06-25;235,53;11
2013-06-26;235,79;11
2013-06-27;234,99;11
2013-06-28;235,51;11
2013-07-01;235,88;11
2013-07-02;238,31;11
2013-07-03;237,75;11
2013-07-04;239,35;11
2013-07-05;238,06;11
2013-07-08;237,36;11
2013-07-09;237,63;11
2013-07-10;238,27;11
2013-07-11;239,64;11
2013-07-12;240,64;11
2013-07-15;240,68;11
2013-07-16;240,45;11
2013-07-17;240,12;11
2013-07-18;240,52;11
2013-07-19;240,93;11
2013-07-22;241,45;11
2013-07-23;241,43;11
2013-07-24;241,07;11
2013-07-25;240,79;11
2013-07-26;240,31;11
2013-07-29;240,78;11
2013-07-30;240,87;11
2013-07-31;240,72;11
2013-08-01;241,33;11
2013-08-02;242,58;11
2013-08-05;242,66;11
2013-08-06;241,99;11
2013-08-07;242,47;11
2013-08-08;243,63;11
2013-08-09;244,24;11
2013-08-12;244,71;11
2013-08-13;244,84;11
2013-08-14;245,2;11
2013-08-16;244,54;11
2013-08-19;243,86;11
2013-08-20;243,25;11
2013-08-21;242,98;11
2013-08-22;243,65;11
2013-08-23;243,81;11
2013-08-26;243,95;11
2013-08-27;242,42;11
2013-08-28;241,46;11
2013-08-29;241,79;11
2013-08-30;241,89;11
2013-09-02;242,48;11
2013-09-03;241,63;11
2013-09-04;239,82;11
2013-09-05;236,38;11
2013-09-06;237,7;11
2013-09-09;239,94;11
2013-09-10;241,49;11
2013-09-11;242,74;11
2013-09-12;243,15;11
2013-09-13;242,63;11
2013-09-16;242,53;11
2013-09-17;242,93;11
2013-09-18;243,08;11
2013-09-19;244,58;11
2013-09-20;244,47;11
2013-09-23;244,26;11
2013-09-24;244,35;11
2013-09-25;244,5;11
2013-09-26;244,97;11
2013-09-27;244,89;11
2013-09-30;244,21;11
2013-10-01;245,21;11
2013-10-02;245,41;11
2013-10-03;245,53;11
2013-10-04;244,93;11
2013-10-07;244,97;11
2013-10-08;244,69;11
2013-10-09;244,93;11
2013-10-10;246,78;11
2013-10-11;247,2;11
2013-10-14;247,81;11
2013-10-15;248,23;11
2013-10-16;248,81;11
2013-10-17;248,74;11
2013-10-18;249,18;11
2013-10-21;250,73;11
2013-10-22;250,98;11
2013-10-23;250,77;11
2013-10-24;251,89;11
2013-10-25;251,91;11
2013-10-28;252,43;11
2013-10-29;252,92;11
2013-10-30;252,38;11
2013-10-31;251,61;11
2013-11-04;251,95;11
2013-11-05;250,87;11
2013-11-06;251,58;11
2013-11-07;251,79;11
2013-11-08;250,35;11
2013-11-12;249,9;11
2013-11-13;249,28;11
2013-11-14;249,98;11
2013-11-15;250,86;11
2013-11-18;252,44;11
2013-11-19;251,86;11
2013-11-20;251,9;11
2013-11-21;251,54;11
2013-11-22;252,04;11
2013-11-25;252,76;11
2013-11-26;251,61;11
2013-11-27;251,6;11
2013-11-28;251,12;11
2013-11-29;251,59;11
2013-12-02;250,33;11
2013-12-03;249,28;11
2013-12-04;248,36;11
2013-12-05;248,09;11
2013-12-06;248,32;11
2013-12-09;248,88;11
2013-12-10;248,8;11
2013-12-11;248,55;11
2013-12-12;247,45;11
2013-12-13;247,34;11
2013-12-16;247,61;11
2013-12-17;246,12;11
2013-12-18;246,68;11
2013-12-19;246,02;11
2013-12-20;246,53;11
2013-12-23;246,88;11
2013-12-27;246,33;11
2013-12-30;246,47;11
2014-01-02;246,64;11
2014-01-03;246,07;11
2014-01-07;244,41;11
2014-01-08;244,47;11
2014-01-09;243,31;11
2014-01-10;243,52;11
2014-01-13;245;11
2014-01-14;245,23;11
2014-01-15;246,02;11
2014-01-16;246,32;11
2014-01-17;245,83;11
2014-01-20;245,9;11
2014-01-21;246,69;11
2014-01-22;247,3;11
2014-01-23;246,56;11
2014-01-24;244,55;11
2014-01-27;243,36;11
2014-01-28;244;11
2014-01-29;242,93;11
2014-01-30;242,93;11
2014-01-31;243,34;11
2014-02-03;244,02;11
2014-02-04;243,8;11
2014-02-05;244,26;11
2014-02-06;246,29;11
2014-02-07;246,39;11
2014-02-10;246,19;11
2014-02-11;246,94;11
2014-02-12;247,9;11
2014-02-13;247,88;11
2014-02-14;248,29;11
2014-02-17;248,71;11
2014-02-18;248,35;11
2014-02-19;248,44;11
2014-02-20;247,72;11
2014-02-21;248,63;11
2014-02-24;249,68;11
2014-02-25;248,9;11
2014-02-26;247,58;11
2014-02-27;247,67;11
2014-02-28;249,25;11
2014-03-03;244,8;11
2014-03-04;246,98;11
2014-03-05;247,41;11
2014-03-06;248;11
2014-03-07;246,81;11
2014-03-10;245,59;11
2014-03-11;245,69;11
2014-03-12;244,61;11
2014-03-13;243,64;11
2014-03-14;242,96;11
2014-03-17;245,1;11
2014-03-18;245,08;11
2014-03-19;244,46;11
2014-03-20;244,55;11
2014-03-21;244,51;11
2014-03-24;244,5;11
2014-03-25;245,62;11
2014-03-26;246,7;11
2014-03-27;246,71;11
2014-03-28;247,15;11
2014-03-31;248,09;11
2014-04-01;248,55;11
2014-04-02;248,96;11
2014-04-03;248,43;11
2014-04-04;249,16;11
2014-04-07;248,78;11
2014-04-08;249,2;11
2014-04-09;249,07;11
2014-04-10;249,44;11
2014-04-11;248,95;11
2014-04-14;248,24;11
2014-04-15;247,11;11
2014-04-16;246,54;11
2014-04-17;247,64;11
2014-04-22;248,23;11
2014-04-23;248,18;11
2014-04-24;247,88;11
2014-04-25;247,38;11
2014-04-28;247,67;11
2014-04-29;248,08;11
2014-04-30;248,48;11
2014-05-02;248,37;11
2014-05-05;247,76;11
2014-05-06;247,2;11
2014-05-07;246,98;11
2014-05-08;247,5;11
2014-05-09;246,95;11
2014-05-12;247,77;11
2014-05-13;248,09;11
2014-05-14;248,82;11
2014-05-15;248,33;11
2014-05-16;248,15;11
2014-05-19;248,53;11
2014-05-20;248,55;11
2014-05-21;248,97;11
2014-05-22;250,42;11
2014-05-23;250,8;11
2014-05-26;251,09;11
2014-05-27;250,82;11
2014-05-28;250,68;11
2014-05-29;251,51;11
2014-05-30;250,75;11
2014-06-02;251;11
2014-06-03;251,08;11
2014-06-04;251,3;11
2014-06-05;251,95;11
2014-06-06;253,03;11
2014-06-09;252,69;11
2014-06-10;253,11;11
2014-06-11;252,63;11
2014-06-12;252,51;11
2014-06-13;252,41;11
2014-06-16;251,92;11
2014-06-17;252,43;11
2014-06-18;252,7;11
2014-06-20;252,41;11
2014-06-23;252,91;11
2014-06-24;253,09;11
2014-06-25;252,06;11
2014-06-26;251,62;11
2014-06-27;251,64;11
2014-06-30;251,95;11
2014-07-01;251,42;11
2014-07-02;250,48;11
2014-07-03;250,04;11
2014-07-04;250,3;11
2014-07-07;250,95;11
2014-07-08;250,88;11
2014-07-09;250,36;11
2014-07-10;249,78;11
2014-07-11;250,75;11
2014-07-14;251,14;11
2014-07-15;251,08;11
2014-07-16;251,32;11
2014-07-17;251,18;11
2014-07-18;250,93;11
2014-07-21;250,95;11
2014-07-22;251,68;11
2014-07-23;252,05;11
2014-07-24;251,99;11
2014-07-25;252,07;11
2014-07-28;251,94;11
2014-07-29;251,65;11
2014-07-30;250,37;11
2014-07-31;249,21;11
2014-08-01;249,42;11
2014-08-04;250,37;11
2014-08-05;249,86;11
2014-08-06;249,34;11
2014-08-07;248,63;11
2014-08-08;248,11;11
2014-08-11;249,58;11
2014-08-12;249,61;11
2014-08-13;250,68;11
2014-08-14;251,53;11
2014-08-18;252,62;11
2014-08-19;252,73;11
2014-08-20;252,93;11
2014-08-21;253,14;11
2014-08-22;252,86;11
2014-08-25;253,3;11
2014-08-26;253,99;11
2014-08-27;254,2;11
2014-08-28;252,76;11
2014-08-29;252,92;11
2014-09-01;253,71;11
2014-09-02;254,07;11
2014-09-03;255,71;11
2014-09-04;256,56;11
2014-09-05;256,86;11
2014-09-08;257,47;11
2014-09-09;256,5;11
2014-09-10;256,5;11
2014-09-11;255,97;11
2014-09-12;255,51;11
2014-09-15;256,06;11
2014-09-16;256,4;11
2014-09-17;257,1;11
2014-09-18;256,69;11
2014-09-19;257,67;11
2014-09-22;257,4;11
2014-09-23;256,53;11
2014-09-24;256,59;11
2014-09-25;256,94;11
2014-09-26;256,69;11
2014-09-29;256,49;11
2014-09-30;256,58;11
2014-10-01;255,88;11
2014-10-02;254,89;11
2014-10-03;255,33;11
2014-10-06;255,92;11
2014-10-07;255,67;11
2014-10-08;254,7;11
2014-10-09;255,75;11
2014-10-10;254,49;11
2014-10-13;254,47;11
2014-10-14;255,01;11
2014-10-15;254,54;11
2014-10-16;253,47;11
2014-10-17;254,43;11
2014-10-20;254,31;11
2014-10-21;255,44;11
2014-10-22;255,82;11
2014-10-23;256,04;11
2014-10-24;255,84;11
2014-10-27;256,02;11
2014-10-28;256,63;11
2014-10-29;256,63;11
2014-10-30;256,29;11
2014-10-31;257,1;11
2014-11-03;256,99;11
2014-11-04;257,03;11
2014-11-05;256,09;11
2014-11-06;255,69;11
2014-11-07;255,55;11
2014-11-10;255,86;11
2014-11-12;256,08;11
2014-11-13;256,25;11
2014-11-14;256,34;11
2014-11-17;256,2;11
2014-11-18;256,47;11
2014-11-19;256,05;11
2014-11-20;255,71;11
2014-11-21;256,87;11
2014-11-24;256,57;11
2014-11-25;256,38;11
2014-11-26;257,18;11
2014-11-27;257,62;11
2014-11-28;257,56;11
2014-12-01;256,8;11
2014-12-02;257,25;11
2014-12-03;257,02;11
2014-12-04;256,41;11
2014-12-05;256,64;11
2014-12-08;256,44;11
2014-12-09;255,63;11
2014-12-10;254,64;11
2014-12-11;254,57;11
2014-12-12;254,06;11
2014-12-15;253,23;11
2014-12-16;250,74;11
2014-12-17;251,22;11
2014-12-18;253,43;11
2014-12-19;252,98;11
2014-12-22;253,56;11
2014-12-23;253,66;11
2014-12-29;253,26;11
2014-12-30;253,88;11
2015-01-02;253,97;11
2015-01-05;253,03;11
2015-01-07;254,7;11
2015-01-08;256,53;11
2015-01-09;255,95;11
2015-01-12;256,04;11
2015-01-13;256,73;11
2015-01-14;256,24;11
2015-01-15;254,5;11
2015-01-16;254,09;11
2015-01-19;253,68;11
2015-01-20;253,51;11
2015-01-21;255,03;11
2015-01-22;255,79;11
2015-01-23;256,89;11
2015-01-26;256,61;11
2015-01-27;257,07;11
2015-01-28;256,95;11
2015-01-29;257,54;11
2015-01-30;257,69;11
2015-02-02;257,15;11
2015-02-03;257,17;11
2015-02-04;256,97;11
2015-02-05;256,91;11
2015-02-06;256,79;11
2015-02-09;255,65;11
2015-02-10;255,58;11
2015-02-11;255,16;11
2015-02-12;256,72;11
2015-02-13;257,34;11
2015-02-16;257,87;11
2015-02-17;257,48;11
2015-02-18;256,97;11
2015-02-19;257,26;11
2015-02-20;257,07;11
2015-02-23;257,77;11
2015-02-24;258,24;11
2015-02-25;258,14;11
2015-02-26;258,39;11
2015-02-27;258,27;11
2015-03-02;258,53;11
2015-03-03;257,56;11
2015-03-04;257,72;11
2015-03-05;258,05;11
2015-03-06;257,53;11
2015-03-09;257,44;11
2015-03-10;256,31;11
2015-03-11;257,05;11
2015-03-12;257,54;11
2015-03-13;256,77;11
2015-03-16;257,01;11
2015-03-17;257,37;11
2015-03-18;257,75;11
2015-03-19;259,37;11
2015-03-20;260,13;11
2015-03-23;260,14;11
2015-03-24;259,93;11
2015-03-25;259,64;11
2015-03-26;258,45;11
2015-03-27;258,48;11
2015-03-30;259,34;11
2015-03-31;259,37;11
2015-04-01;259,42;11
2015-04-02;259,83;11
2015-04-07;260,18;11
2015-04-08;260,61;11
2015-04-09;261,29;11
2015-04-10;261,24;11
2015-04-13;261,07;11
2015-04-14;261,01;11
2015-04-15;261,49;11
2015-04-16;261,94;11
2015-04-17;260,95;11
2015-04-20;261,95;11
2015-04-21;261,81;11
2015-04-22;261,88;11
2015-04-23;261,91;11
2015-04-24;262,13;11
2015-04-27;262,87;11
2015-04-28;262,65;11
2015-04-29;261,85;11
2015-04-30;261,58;11
2015-05-04;262,3;11
2015-05-05;261,57;11
2015-05-06;261,7;11
2015-05-07;261,77;11
2015-05-08;263,43;11
2015-05-11;263,18;11
2015-05-12;262,64;11
2015-05-13;262,77;11
2015-05-14;262,04;11
2015-05-15;262,25;11
2015-05-18;262,37;11
2015-05-19;262,64;11
2015-05-20;262,55;11
2015-05-21;262,87;11
2015-05-22;262,56;11
2015-05-25;260,83;11
2015-05-26;260,16;11
2015-05-27;260,94;11
2015-05-28;260,57;11
2015-05-29;260,34;11
2015-06-01;260,55;11
2015-06-02;259,72;11
2015-06-03;258,87;11
2015-06-05;257,8;11
2015-06-08;257,07;11
2015-06-09;256,43;11
2015-06-10;257,44;11
2015-06-11;257,51;11
2015-06-12;256,77;11
2015-06-15;256,19;11
2015-06-16;255,99;11
2015-06-17;255,09;11
2015-06-18;255,73;11
2015-06-19;255,3;11
2015-06-22;257,28;11
2015-06-23;257,41;11
2015-06-24;257,4;11
2015-06-25;257,43;11
2015-06-26;257;11
2015-06-29;254,96;11
2015-06-30;255,83;11
2015-07-01;255,34;11
2015-07-02;255,54;11
2015-07-03;255,33;11
2015-07-06;254,82;11
2015-07-07;253,96;11
2015-07-08;253,76;11
2015-07-09;254,56;11
2015-07-10;255,61;11
2015-07-13;256,02;11
2015-07-14;255,89;11
2015-07-15;256,21;11
2015-07-16;257,62;11
2015-07-17;257,66;11
2015-07-20;256,95;11
2015-07-21;257,3;11
2015-07-22;255,63;11
2015-07-23;255,5;11
2015-07-24;255,48;11
2015-07-27;255,14;11
2015-07-28;255,31;11
2015-07-29;255,72;11
2015-07-30;255,28;11
2015-07-31;256,38;11
2015-08-03;256,54;11
2015-08-04;256,89;11
2015-08-05;257,71;11
2015-08-06;255,75;11
2015-08-07;255,92;11
2015-08-10;256,92;11
2015-08-11;257,32;11
2015-08-12;256,87;11
2015-08-13;257,3;11
2015-08-14;256,73;11
2015-08-17;256,01;11
2015-08-18;255,53;11
2015-08-19;256,29;11
2015-08-20;256,25;11
2015-08-21;255,02;11
2015-08-24;249,32;11
2015-08-25;249,64;11
2015-08-26;249,6;11
2015-08-27;251,46;11
2015-08-28;252,5;11
2015-08-31;252,8;11
2015-09-01;250,84;11
2015-09-02;250,59;11
2015-09-03;252,06;11
2015-09-04;252,04;11
2015-09-07;251,39;11
2015-09-08;251,51;11
2015-09-09;251,65;11
2015-09-10;252,54;11
2015-09-11;252,29;11
2015-09-14;252,29;11
2015-09-15;252,06;11
2015-09-16;252,2;11
2015-09-17;252,78;11
2015-09-18;252,64;11
2015-09-21;252,89;11
2015-09-22;251,98;11
2015-09-23;251,19;11
2015-09-24;250,56;11
2015-09-25;250,57;11
2015-09-28;249,39;11
2015-09-29;249,45;11
2015-09-30;250,52;11
2015-10-01;250,47;11
2015-10-02;250,58;11
2015-10-05;252,43;11
2015-10-06;253,13;11
2015-10-07;253,6;11
2015-10-08;253,8;11
2015-10-09;254,51;11
2015-10-12;254,11;11
2015-10-13;253,33;11
2015-10-14;253,31;11
2015-10-15;254,22;11
2015-10-16;254,07;11
2015-10-19;253,74;11
2015-10-20;253,79;11
2015-10-21;253,65;11
2015-10-22;253,88;11
2015-10-23;254,3;11
2015-10-26;254,44;11
2015-10-27;254,76;11
2015-10-28;254,95;11
2015-10-29;253,26;11
2015-10-30;253,56;11
2015-11-02;254,27;11
2015-11-03;253,73;11
2015-11-04;253,69;11
2015-11-05;252,91;11
2015-11-06;251,81;11
2015-11-09;251,57;11
2015-11-10;252,15;11
2015-11-12;252,36;11
2015-11-13;251,64;11
2015-11-16;251,45;11
2015-11-17;252,11;11
2015-11-18;252,33;11
2015-11-19;252,15;11
2015-11-20;252,65;11
2015-11-23;251,27;11
2015-11-24;250,43;11
2015-11-25;250,71;11
2015-11-26;251,49;11
2015-11-27;250,9;11
2015-11-30;250,56;11
2015-12-01;250,56;11
2015-12-02;249,47;11
2015-12-03;248,38;11
2015-12-04;247,76;11
2015-12-07;248,01;11
2015-12-08;246,33;11
2015-12-09;244,64;11
2015-12-10;244,91;11
2015-12-11;242,85;11
2015-12-14;241,64;11
2015-12-15;242,56;11
2015-12-16;243,39;11
2015-12-17;245,52;11
2015-12-18;246,22;11
2015-12-21;246,98;11
2015-12-22;246,84;11
2015-12-23;247,13;11
2015-12-28;247,23;11
2015-12-29;248,22;11
2015-12-30;247,5;11
2016-01-04;245,43;11
2016-01-05;245,44;11
2016-01-07;243,89;11
2016-01-08;243,07;11
2016-01-11;242,26;11
2016-01-12;244,16;11
2016-01-13;245,23;11
2016-01-14;244,32;11
2016-01-15;242,82;11
2016-01-18;239,98;11
2016-01-19;240,85;11
2016-01-20;239,6;11
2016-01-21;239,54;11
2016-01-22;241,18;11
2016-01-25;241,47;11
2016-01-26;241;11
2016-01-27;241,71;11
2016-01-28;243;11
2016-01-29;243,98;11
2016-02-01;243,85;11
2016-02-02;242,52;11
2016-02-03;242,77;11
2016-02-04;244,58;11
2016-02-05;244,81;11
2016-02-08;243,58;11
2016-02-09;242,97;11
2016-02-10;242,91;11
2016-02-11;242,46;11
2016-02-12;242,93;11
2016-02-15;244,1;11
2016-02-16;243,85;11
2016-02-17;246,03;11
2016-02-18;246,52;11
2016-02-19;245,85;11
2016-02-22;246,83;11